,term,weight
0,zooey,0.0009853471094819276
1,zoe,0.0008217651669961163
2,zero,2.0922696207358566e-05
3,zannieri,0.0003284490364939758
4,youth,4.065100482422454e-05
5,younger,3.8539921348045165e-05
6,young,4.281888430877404e-05
7,york,4.6988280787775224e-05
8,yogurt,6.308967446160101e-05
9,yet,7.518124926044036e-05
10,yesterday,0.0001680155573430145
11,yellow,4.8803858753277093e-05
12,yelling,0.0003785380467696061
13,years,8.96686980315367e-05
14,year,0.00016140365645676607
15,yards,6.67612811073011e-05
16,yard,0.00011496611480014514
17,yachts,0.0004926735547409638
18,yacht,0.0013552999731385434
19,xa0,0.0001345736363990041
20,wwi,0.0004926735547409638
21,wrote,0.00019735077930865594
22,wrongdoing,0.0005599171912397025
23,wrong,0.00016700632584152903
24,written,8.992648314543872e-05
25,writer,8.130200964844907e-05
26,wrinkled,0.0004926735547409638
27,wrenched,0.0004926735547409638
28,wrapped,8.749160383823956e-05
29,wrap,0.00014201891800017666
30,would,0.00014944783005256117
31,worth,2.446793389072802e-05
32,worry,1.6482144838151217e-05
33,worlds,0.00023996451053130105
34,world,4.184539241471713e-05
35,works,2.8192968472665135e-05
36,working,9.397656157555045e-06
37,worked,3.287852261156346e-05
38,work,7.771287162733181e-05
39,wore,2.4401929376638547e-05
40,wondering,0.0001680155573430145
41,women,6.728681819950205e-05
42,woman,3.0584917363410025e-05
43,wives,0.0003528509658706144
44,without,7.518124926044036e-05
45,within,9.397656157555045e-06
46,witch,0.00047046795449415247
47,wipes,0.0003284490364939758
48,winter,1.6482144838151217e-05
49,window,0.00021426788289596584
50,willingness,0.0001680155573430145
51,williams,0.0018789485620011683
52,william,3.6701900836092035e-05
53,wife,3.759062463022018e-05
54,wielding,0.00023996451053130105
55,widely,2.8741528700036284e-05
56,wide,1.6482144838151217e-05
57,wicked,0.00041045086161781846
58,whose,2.446793389072802e-05
59,white,7.952078514486607e-05
60,whipped,6.308967446160101e-05
61,whether,1.1955826404204893e-05
62,whereabouts,0.0006324733207979871
63,whatever,7.320578812991565e-05
64,wharf,0.000213028377000265
65,westport,0.00011761698862353812
66,west,1.223396694536401e-05
67,went,7.707984269609033e-05
68,well,6.116983472682005e-05
69,weight,0.0001335225622146022
70,weigh,0.00018926902338480304
71,weeks,4.9446434514453654e-05
72,weekends,0.00010014192166095166
73,weekend,0.00010277312359478709
74,weekdays,0.00018070666308513914
75,week,0.00010337421773310549
76,wednesday,7.340380167218407e-05
77,website,4.8803858753277093e-05
78,weather,3.759062463022018e-05
79,weapon,0.00023366448387555387
80,wb,0.00041088258349805814
81,ways,9.397656157555045e-06
82,wayland,0.00014201891800017666
83,way,0.00011955826404204894
84,wave,8.622458610010885e-05
85,waters,0.00013123740575735936
86,water,4.893586778145604e-05
87,watching,2.032550241211227e-05
88,watched,6.592857935260487e-05
89,watch,3.2964289676302434e-05
90,wash,0.00030783814621336385
91,warp,0.00041088258349805814
92,warner,0.0005421199892554175
93,warm,4.9446434514453654e-05
94,wardrobe,0.0004926735547409638
95,war,2.446793389072802e-05
96,wanting,0.0002240207431240193
97,wanted,7.952078514486607e-05
98,want,0.00016515855376241415
99,wannabe,0.00041088258349805814
100,wandered,0.00023996451053130105
101,walsh,0.0004404228100331044
102,wall,9.889286902890731e-05
103,walkway,0.00020522543080890923
104,walks,0.00011509108226215968
105,walker,0.00010014192166095166
106,walked,3.759062463022018e-05
107,walk,7.707984269609033e-05
108,wakes,0.00030783814621336385
109,wake,2.032550241211227e-05
110,vs,4.9596486224501014e-05
111,voting,0.000213028377000265
112,voted,6.097650723633681e-05
113,vote,6.097650723633681e-05
114,volunteers,5.748305740007257e-05
115,volunteered,0.00014201891800017666
116,volunteer,7.672738817477311e-05
117,volume,0.00014878945867350304
118,voiced,4.374580191911978e-05
119,voice,1.6482144838151217e-05
120,vocalists,0.0005478434446640775
121,vocal,3.8363694087386556e-05
122,visual,0.00023996451053130105
123,visits,0.00013123740575735936
124,visitors,0.00010014192166095166
125,visiting,1.2846640449348386e-05
126,visit,0.0001926996067402258
127,viscous,0.0001642245182469879
128,viscosity,0.0001642245182469879
129,violently,0.00011761698862353812
130,violence,3.8539921348045165e-05
131,viewed,5.748305740007257e-05
132,video,4.9446434514453654e-05
133,victims,7.320578812991565e-05
134,vicki,0.0003528509658706144
135,vice,7.320578812991565e-05
136,via,4.8803858753277093e-05
137,vet,0.000213028377000265
138,vessels,0.0007198935315939031
139,vessel,0.0016263599677662523
140,verge,7.998817017710035e-05
141,verbally,0.0003528509658706144
142,venues,4.374580191911978e-05
143,vava,0.0029560413284457823
144,various,4.8803858753277093e-05
145,van,8.749160383823956e-05
146,value,6.097650723633681e-05
147,vacationed,0.0005478434446640775
148,vacation,0.00017498320767647912
149,va,3.8363694087386556e-05
150,usually,0.00012195301447267362
151,used,0.00013156718620577063
152,use,0.00010398871903559408
153,us,5.679017541997324e-05
154,urging,3.338064055365055e-05
155,urgent,0.00016690320276825277
156,urgency,8.749160383823956e-05
157,upstairs,0.00011509108226215968
158,upset,4.9446434514453654e-05
159,upper,2.032550241211227e-05
160,upon,6.097650723633681e-05
161,upheld,0.0008233189203647669
162,updates,8.749160383823956e-05
163,unusual,4.9446434514453654e-05
164,unreviewable,0.0011495716277289153
165,unrecognizable,0.00041088258349805814
166,unpredictably,0.0011495716277289153
167,unmemorable,0.0004926735547409638
168,unlike,2.032550241211227e-05
169,unless,7.320578812991565e-05
170,universityfound,0.0003284490364939758
171,university,6.116983472682005e-06
172,unity,4.9596486224501014e-05
173,united,0.0001813035932196634
174,union,5.1386561797393544e-05
175,unfolding,0.00027105999462770873
176,unfairly,0.0007182890078311824
177,unearthed,0.00023523397724707623
178,underwear,0.00023523397724707623
179,underway,8.749160383823956e-05
180,understand,4.9446434514453654e-05
181,undercover,0.00034717540357150713
182,uncommon,0.00023996451053130105
183,ultimate,0.0001680155573430145
184,uber,0.00023018216452431935
185,u2009,7.320578812991565e-05
186,typically,6.097650723633681e-05
187,typical,4.374580191911978e-05
188,type,0.00011496611480014514
189,two,0.0003945422713387615
190,twitter,7.320578812991565e-05
191,twin,0.00018070666308513914
192,twice,0.0001221695300482156
193,twenty,6.575704522312692e-05
194,twelve,0.0001101057025082761
195,tv,1.879531231511009e-05
196,turns,7.320578812991565e-05
197,turner,9.919297244900203e-05
198,turned,5.1386561797393544e-05
199,turn,1.879531231511009e-05
200,turf,0.000213028377000265
201,tuesday,0.0001221695300482156
202,tthis,0.00027105999462770873
203,tthe,6.728681819950205e-05
204,tsunami,0.00023523397724707623
205,tryko,0.0001642245182469879
206,trying,9.397656157555045e-06
207,try,3.0584917363410025e-05
208,truth,0.00010014192166095166
209,trust,0.0001422785168847859
210,trump,6.578359310288532e-05
211,true,5.977913202102446e-06
212,trovato,0.0008217651669961163
213,troubled,0.00017081350563646983
214,trolley,0.0002840378360003533
215,trip,0.00016482144838151218
216,trilogy,0.0003528509658706144
217,tried,0.0001503624985208807
218,trench,0.00014201891800017666
219,trees,0.00011509108226215968
220,tree,2.032550241211227e-05
221,travel,0.00011537501386705853
222,travato,0.0004926735547409638
223,traumatic,6.308967446160101e-05
224,trapped,0.00018926902338480304
225,transformed,0.00014878945867350304
226,trains,0.00015345477634954623
227,train,5.505285125413805e-05
228,trailer,0.00014201891800017666
229,trail,0.00011496611480014514
230,traffic,4.281888430877404e-05
231,tradition,0.00011509108226215968
232,trade,7.320578812991565e-05
233,tracks,2.032550241211227e-05
234,tracker,0.00041088258349805814
235,tracked,0.00014878945867350304
236,towns,4.8803858753277093e-05
237,town,0.0001221695300482156
238,towering,0.00013123740575735936
239,towels,0.00023523397724707623
240,towards,4.9596486224501014e-05
241,toward,7.707984269609033e-05
242,tours,6.67612811073011e-05
243,tourist,0.0003614133261702783
244,touch,5.748305740007257e-05
245,totally,0.00027105999462770873
246,total,8.622458610010885e-05
247,torrent,0.00010261271540445462
248,tore,6.308967446160101e-05
249,topic,4.9596486224501014e-05
250,top,1.223396694536401e-05
251,toothpaste,0.00013696086116601937
252,took,5.08122622178708e-05
253,tony,2.8741528700036284e-05
254,tommy,3.8363694087386556e-05
255,tomato,0.000213028377000265
256,tom,2.4401929376638547e-05
257,told,9.175475209023008e-05
258,toiletries,0.00027392172233203874
259,together,3.759062463022018e-05
260,tobacco,0.0001599763403542007
261,tito,4.9446434514453654e-05
262,title,7.320578812991565e-05
263,titanic,0.0001642245182469879
264,tired,0.0003062206134338385
265,tiny,0.00015345477634954623
266,timing,3.338064055365055e-05
267,times,0.00014131304494283226
268,time,0.00024509444128620035
269,tilt,0.00013696086116601937
270,tied,0.00023366448387555387
271,tidal,0.00010261271540445462
272,tickets,6.592857935260487e-05
273,thursday,1.8350950418046017e-05
274,thumb,0.00027105999462770873
275,throws,0.00027105999462770873
276,thrown,0.00010014192166095166
277,throw,0.000201190700900254
278,throughout,6.592857935260487e-05
279,thrilled,0.0003062206134338385
280,three,9.863556783469038e-05
281,threat,2.4401929376638547e-05
282,thousand,0.00033476313931773705
283,thoughts,0.00021872900959559892
284,thought,0.0001345736363990041
285,though,0.0003982458539298
286,thomas,3.8539921348045165e-05
287,thirty,3.586747921261468e-05
288,thirteen,3.0584917363410025e-05
289,third,6.728681819950205e-05
290,thinner,0.0001642245182469879
291,think,9.787173556291208e-05
292,things,4.893586778145604e-05
293,thing,1.8350950418046017e-05
294,thickness,0.00013696086116601937
295,thick,3.338064055365055e-05
296,thermostat,0.00041088258349805814
297,therapy,7.100945900008833e-05
298,therapists,0.00041088258349805814
299,therapist,0.00042605675400053
300,theaters,0.0003199526807084014
301,theater,5.1386561797393544e-05
302,thank,0.00020028384332190332
303,texts,0.0008400777867150724
304,texting,0.002352217802802203
305,texted,0.000336031114686029
306,text,0.0007677547327339627
307,texas,0.0003671870460901561
308,texans,0.0003528509658706144
309,test,7.320578812991565e-05
310,terribly,0.0006324733207979871
311,terrible,3.338064055365055e-05
312,terminated,0.001119834382479405
313,term,0.0001221695300482156
314,tenure,8.622458610010885e-05
315,tent,0.00023996451053130105
316,ten,0.00010398871903559408
317,tell,2.8192968472665135e-05
318,television,0.00030690955269909245
319,telephone,7.320578812991565e-05
320,teens,0.0001724491722002177
321,teenagers,0.00013123740575735936
322,teenage,0.00013123740575735936
323,teen,0.00023018216452431935
324,technology,6.097650723633681e-05
325,teammates,5.600518578100483e-05
326,team,1.8350950418046017e-05
327,tea,0.0005680756720007066
328,taylor,0.00034527324678647906
329,taxpayer,0.0004970662130006183
330,tax,4.9446434514453654e-05
331,tattin,0.0004926735547409638
332,tat,7.100945900008833e-05
333,tastelessly,0.0004926735547409638
334,target,4.8803858753277093e-05
335,tardy,0.0001642245182469879
336,tapping,0.00027105999462770873
337,tape,0.00023018216452431935
338,tank,0.00012617934892320202
339,tanglewood,0.0003199526807084014
340,tand,9.919297244900203e-05
341,tampons,0.0003284490364939758
342,tampa,0.00030783814621336385
343,tallulah,0.0006568980729879516
344,tall,9.397656157555045e-06
345,talking,5.638593694533027e-05
346,talk,5.638593694533027e-05
347,talent,9.760771750655419e-05
348,taking,4.893586778145604e-05
349,takes,3.8539921348045165e-05
350,take,0.0001223396694536401
351,table,0.00011537501386705853
352,system,4.281888430877404e-05
353,symphony,0.00045986445920058054
354,symbol,0.00013123740575735936
355,sylvester,0.0003284490364939758
356,swiss,0.00030783814621336385
357,swirl,0.00011761698862353812
358,swim,7.100945900008833e-05
359,swept,5.600518578100483e-05
360,sweetener,0.0001642245182469879
361,swearing,5.600518578100483e-05
362,swan,0.00047046795449415247
363,sustained,2.8741528700036284e-05
364,suspensions,0.0008233189203647669
365,suspended,0.00026854585861170596
366,suspect,0.00019521543501310837
367,susceptible,0.00010261271540445462
368,survey,0.00011509108226215968
369,surgery,0.0001680155573430145
370,surface,8.749160383823956e-05
371,sure,1.793373960630734e-05
372,supreme,0.000201190700900254
373,supremacists,9.035333154256957e-05
374,supposed,4.9446434514453654e-05
375,supporting,0.00010014192166095166
376,supported,2.4401929376638547e-05
377,support,0.00013185715870520974
378,superyacht,0.0004926735547409638
379,superior,0.000201190700900254
380,superintendent,6.592857935260487e-05
381,sunny,9.919297244900203e-05
382,sunday,9.397656157555045e-05
383,summoning,0.0003528509658706144
384,summer,4.893586778145604e-05
385,sultry,0.00041088258349805814
386,sullivan,8.130200964844907e-05
387,suit,0.00023366448387555387
388,suffolk,7.320578812991565e-05
389,suffocated,0.0001642245182469879
390,suffering,9.760771750655419e-05
391,suddenly,2.8741528700036284e-05
392,suburbs,0.00011509108226215968
393,subsidiary,9.035333154256957e-05
394,submerged,0.00010261271540445462
395,subjective,0.0007182890078311824
396,styled,0.0004926735547409638
397,style,9.889286902890731e-05
398,sturbridge,0.00041045086161781846
399,stuff,7.707984269609033e-05
400,students,3.8539921348045165e-05
401,student,1.223396694536401e-05
402,struggling,4.065100482422454e-05
403,struggled,4.065100482422454e-05
404,structures,0.00011201037156200966
405,structure,3.338064055365055e-05
406,struck,2.8192968472665135e-05
407,strongly,6.308967446160101e-05
408,stronger,3.338064055365055e-05
409,strong,3.759062463022018e-05
410,striking,4.374580191911978e-05
411,stressed,4.9596486224501014e-05
412,stress,4.9596486224501014e-05
413,streets,4.893586778145604e-05
414,street,0.00020797743807118816
415,streamed,7.100945900008833e-05
416,strazzullo,0.0004926735547409638
417,straps,0.00041088258349805814
418,strangeness,0.0004926735547409638
419,stoughton,0.0019248152844412705
420,story,6.728681819950205e-05
421,storto,0.0003284490364939758
422,storms,0.00018926902338480304
423,stories,0.00016260401929689815
424,store,3.8539921348045165e-05
425,storage,4.374580191911978e-05
426,stops,0.0001464115762598313
427,stopping,0.00013123740575735936
428,stopped,0.00011537501386705853
429,stop,8.45789054179954e-05
430,stood,3.2964289676302434e-05
431,stone,0.0001335225622146022
432,stirred,0.00011761698862353812
433,stillness,0.0004926735547409638
434,still,6.116983472682005e-05
435,sticky,0.00020522543080890923
436,stick,0.00010014192166095166
437,stephanie,0.00011509108226215968
438,step,2.5693280898696772e-05
439,stem,8.749160383823956e-05
440,steeper,0.0003528509658706144
441,steel,5.600518578100483e-05
442,staying,2.4401929376638547e-05
443,stay,2.5693280898696772e-05
444,stationary,0.00013696086116601937
445,states,0.00010277312359478709
446,statements,4.374580191911978e-05
447,statement,1.8350950418046017e-05
448,state,0.00026313437241154127
449,starting,5.1386561797393544e-05
450,starters,0.0007182890078311824
451,started,1.8350950418046017e-05
452,start,9.397656157555045e-06
453,stars,8.622458610010885e-05
454,starring,0.00018926902338480304
455,staring,0.00018926902338480304
456,star,0.00010277312359478709
457,staple,0.00023996451053130105
458,standards,8.622458610010885e-05
459,stand,2.690060940946101e-05
460,staircase,0.00030783814621336385
461,staging,7.998817017710035e-05
462,stage,6.116983472682005e-06
463,st,6.116983472682005e-06
464,squeeze,6.308967446160101e-05
465,square,3.6701900836092035e-05
466,sprint,0.00030783814621336385
467,sprawl,0.0004926735547409638
468,spouses,0.00041088258349805814
469,spouse,0.00041088258349805814
470,spots,2.4401929376638547e-05
471,sports,0.00019521543501310837
472,sponsoring,0.00023523397724707623
473,spokesman,3.8539921348045165e-05
474,spoken,2.8741528700036284e-05
475,spoke,8.241072419075609e-05
476,split,0.00010014192166095166
477,splendor,0.0004926735547409638
478,splat,0.0004926735547409638
479,spite,0.00027105999462770873
480,spiral,0.000213028377000265
481,spent,1.8350950418046017e-05
482,spend,4.065100482422454e-05
483,speech,6.097650723633681e-05
484,specifically,0.00023366448387555387
485,specializes,0.000213028377000265
486,speak,0.00012195301447267362
487,spaulding,0.0007998817017710035
488,spark,0.00027105999462770873
489,spangled,0.00013696086116601937
490,spaghetti,0.00030783814621336385
491,space,4.6988280787775224e-05
492,sources,8.622458610010885e-05
493,source,0.00013123740575735936
494,sounds,4.9446434514453654e-05
495,sound,7.707984269609033e-05
496,sorensen,0.0001642245182469879
497,sophomore,0.0001680155573430145
498,soon,2.5693280898696772e-05
499,son,6.423320224674193e-05
500,sometimes,0.0001926996067402258
501,something,5.08122622178708e-05
502,someplace,0.00041045086161781846
503,someone,1.879531231511009e-05
504,somehow,0.0001680155573430145
505,solutions,0.00011509108226215968
506,solution,7.672738817477311e-05
507,solid,2.8741528700036284e-05
508,sold,5.1386561797393544e-05
509,society,0.00021961736438974691
510,social,3.8539921348045165e-05
511,soccorso,0.00041088258349805814
512,sneakers,0.00014201891800017666
513,snapchat,0.0003528509658706144
514,smoothly,0.00030783814621336385
515,smoler,0.0003284490364939758
516,smithfield,0.00011761698862353812
517,smaller,3.8539921348045165e-05
518,small,6.423320224674193e-05
519,smack,0.00010261271540445462
520,sly,0.00041088258349805814
521,slowed,9.035333154256957e-05
522,slow,4.9446434514453654e-05
523,slouched,0.0004926735547409638
524,slipped,4.9596486224501014e-05
525,slightly,2.4401929376638547e-05
526,slice,0.000213028377000265
527,slams,0.00041088258349805814
528,skoler,0.0009853471094819276
529,skilled,7.100945900008833e-05
530,size,5.638593694533027e-05
531,sixty,4.184539241471713e-05
532,sixteen,9.787173556291208e-05
533,six,3.8856435813665906e-05
534,sites,0.0002624748115147187
535,site,7.707984269609033e-05
536,sisters,4.065100482422454e-05
537,sister,3.2964289676302434e-05
538,singled,7.100945900008833e-05
539,single,6.116983472682005e-06
540,singer,0.0003062206134338385
541,sing,0.00018926902338480304
542,since,8.667974143048548e-05
543,simultaneously,0.00018926902338480304
544,simply,6.097650723633681e-05
545,silently,0.0005478434446640775
546,significantly,7.320578812991565e-05
547,significant,8.241072419075609e-05
548,sign,3.759062463022018e-05
549,sienna,0.0007057019317412288
550,sidewalk,8.749160383823956e-05
551,sidekick,0.0003528509658706144
552,side,0.00017855546699354583
553,sicily,0.00041088258349805814
554,shutting,6.308967446160101e-05
555,shown,2.032550241211227e-05
556,showing,0.00012195301447267362
557,showed,9.889286902890731e-05
558,show,9.397656157555045e-05
559,shotgun,0.0005421199892554175
560,shot,1.2846640449348386e-05
561,shortly,2.4401929376638547e-05
562,shortage,7.100945900008833e-05
563,shooting,0.00011537501386705853
564,shoes,6.67612811073011e-05
565,shirts,0.00016690320276825277
566,shirt,0.00034717540357150713
567,shipyard,0.00018926902338480304
568,ship,0.000639085131000795
569,shifting,0.00013123740575735936
570,shift,1.2846640449348386e-05
571,sheer,0.00010261271540445462
572,shatner,0.0004926735547409638
573,sharyn,0.0004926735547409638
574,shared,7.320578812991565e-05
575,shard,0.0003284490364939758
576,shape,6.097650723633681e-05
577,shaken,7.100945900008833e-05
578,seybold,0.001970694218963855
579,sexuality,0.00023996451053130105
580,several,2.3911652808409785e-05
581,seventy,4.782330561681957e-05
582,seventeen,1.8350950418046017e-05
583,seven,3.287852261156346e-05
584,settlements,0.0006324733207979871
585,settlement,0.00034717540357150713
586,settled,0.00023366448387555387
587,setting,1.6482144838151217e-05
588,set,3.759062463022018e-05
589,session,6.097650723633681e-05
590,services,8.992648314543872e-05
591,service,2.8192968472665135e-05
592,served,2.8192968472665135e-05
593,serve,1.2846640449348386e-05
594,seriously,4.9446434514453654e-05
595,series,0.00014131304494283226
596,separated,0.00018926902338480304
597,separate,6.097650723633681e-05
598,sensitive,0.00014878945867350304
599,sense,5.638593694533027e-05
600,seniors,3.8363694087386556e-05
601,sends,0.00018926902338480304
602,sell,5.1386561797393544e-05
603,self,2.8192968472665135e-05
604,selection,9.889286902890731e-05
605,selected,0.00011509108226215968
606,seen,0.00011561976404413549
607,seems,0.00019778573805781462
608,seemingly,0.00014878945867350304
609,seeing,7.320578812991565e-05
610,see,0.00014944783005256117
611,section,7.320578812991565e-05
612,secretary,7.320578812991565e-05
613,seconds,3.8363694087386556e-05
614,second,4.281888430877404e-05
615,seat,5.638593694533027e-05
616,season,6.097650723633681e-05
617,seaport,0.00017081350563646983
618,seamless,0.0003528509658706144
619,screenwriter,0.00030783814621336385
620,screenplay,0.00027105999462770873
621,scream,0.000213028377000265
622,scoring,6.308967446160101e-05
623,scientific,9.919297244900203e-05
624,science,1.6482144838151217e-05
625,sciaccan,0.0009853471094819276
626,sciacca,0.0008217651669961163
627,schtick,0.0004926735547409638
628,schools,9.397656157555045e-06
629,school,0.00022632838848923422
630,schedules,0.00031544837230800503
631,schedule,0.0004120536209537804
632,scenes,0.00013123740575735936
633,scenario,0.00039203630046703386
634,scary,4.374580191911978e-05
635,scarface,0.0004926735547409638
636,scared,0.00011509108226215968
637,says,9.787173556291208e-05
638,saying,7.707984269609033e-05
639,say,0.0001162226859809581
640,saw,9.397656157555045e-05
641,savin,0.00027105999462770873
642,save,2.032550241211227e-05
643,sauce,0.00014878945867350304
644,saturday,8.96686980315367e-06
645,satirists,0.0006568980729879516
646,sarcastic,0.00041088258349805814
647,sarah,4.9596486224501014e-05
648,sap,0.00011761698862353812
649,sant,0.0003284490364939758
650,sang,0.0002240207431240193
651,sandwich,0.00014878945867350304
652,samples,0.0004799290210626021
653,sample,0.00042605675400053
654,salvatore,0.00018926902338480304
655,salem,0.00023018216452431935
656,saldana,0.0009853471094819276
657,salary,4.9596486224501014e-05
658,saks,0.0009853471094819276
659,saint,0.000213028377000265
660,sails,0.0003528509658706144
661,sailed,0.00023996451053130105
662,said,0.000654581495630218
663,safety,5.1386561797393544e-05
664,safe,8.992648314543872e-05
665,safari,0.0004926735547409638
666,sad,0.00012195301447267362
667,ryan,2.032550241211227e-05
668,ruptured,7.998817017710035e-05
669,running,3.759062463022018e-05
670,run,9.397656157555045e-05
671,rumors,0.00027105999462770873
672,rum,0.0003528509658706144
673,ruled,0.00026854585861170596
674,rule,0.0002845570337695718
675,rude,0.0003528509658706144
676,roxbury,0.00012846640449348386
677,row,7.320578812991565e-05
678,routes,7.672738817477311e-05
679,route,9.760771750655419e-05
680,roslindale,0.00012200964688319273
681,rose,0.0001422785168847859
682,ropes,0.00042605675400053
683,roots,0.00011509108226215968
684,roosevelt,0.00023996451053130105
685,rooms,0.0002975789173470061
686,room,0.0001101057025082761
687,rolling,0.00010014192166095166
688,roll,0.00011496611480014514
689,roles,0.00011509108226215968
690,role,0.00021614609162376602
691,rokeach,0.0001642245182469879
692,rock,8.130200964844907e-05
693,robert,3.8539921348045165e-05
694,robbing,0.00023996451053130105
695,robbery,8.622458610010885e-05
696,roaring,0.00027105999462770873
697,road,7.518124926044036e-05
698,river,6.592857935260487e-05
699,risk,8.130200964844907e-05
700,rising,3.2964289676302434e-05
701,ripping,0.00027105999462770873
702,rip,7.100945900008833e-05
703,rigorous,6.308967446160101e-05
704,rights,3.2964289676302434e-05
705,right,0.00026313437241154127
706,ride,0.00013185715870520974
707,rid,0.0004416277212312071
708,rico,0.00011201037156200966
709,rick,0.00014878945867350304
710,reversed,0.0005599171912397025
711,revere,0.0003448983444004354
712,revelation,0.00011761698862353812
713,revealing,0.000213028377000265
714,reveal,8.749160383823956e-05
715,returning,8.622458610010885e-05
716,returned,9.889286902890731e-05
717,retrospective,0.00011761698862353812
718,retreats,0.00030783814621336385
719,retail,3.8539921348045165e-05
720,restaurant,3.759062463022018e-05
721,response,6.592857935260487e-05
722,responding,4.8803858753277093e-05
723,respondents,0.00027105999462770873
724,respond,2.5693280898696772e-05
725,respectively,0.00014878945867350304
726,respective,0.0003785380467696061
727,respect,0.00012195301447267362
728,resists,0.0003528509658706144
729,residents,2.690060940946101e-05
730,resident,6.728681819950205e-05
731,researching,0.00018926902338480304
732,researchers,4.9596486224501014e-05
733,researcher,0.00010261271540445462
734,researched,0.00027105999462770873
735,research,6.592857935260487e-05
736,rescuers,0.0003528509658706144
737,rescued,0.00012617934892320202
738,require,3.8539921348045165e-05
739,requests,0.00012200964688319273
740,request,3.8539921348045165e-05
741,republican,6.097650723633681e-05
742,represents,1.6482144838151217e-05
743,representative,8.130200964844907e-05
744,reports,4.9446434514453654e-05
745,reporter,0.00010014192166095166
746,reportedly,0.000213028377000265
747,reported,1.2846640449348386e-05
748,report,4.281888430877404e-05
749,replaced,2.4401929376638547e-05
750,repeatedly,8.622458610010885e-05
751,rep,0.0001680155573430145
752,renowned,0.0001680155573430145
753,renovate,0.00012617934892320202
754,removing,0.00012617934892320202
755,remove,0.00013123740575735936
756,remo,0.0004926735547409638
757,reminds,0.00014201891800017666
758,reminders,0.000213028377000265
759,reminder,0.000213028377000265
760,remi,0.0004926735547409638
761,remembered,8.622458610010885e-05
762,remember,5.1386561797393544e-05
763,remarks,2.032550241211227e-05
764,remake,0.00023996451053130105
765,remaining,7.672738817477311e-05
766,remained,0.00011537501386705853
767,remain,8.96686980315367e-06
768,relocate,8.749160383823956e-05
769,religious,6.097650723633681e-05
770,relieved,7.100945900008833e-05
771,relics,0.00023523397724707623
772,reliable,0.00014878945867350304
773,relentless,0.0003528509658706144
774,releasing,5.600518578100483e-05
775,relaxed,0.00023996451053130105
776,relations,0.00011509108226215968
777,relating,0.00030783814621336385
778,reinstatement,0.0009587260281621356
779,reinstated,0.0005599171912397025
780,reign,0.000213028377000265
781,rehabilitation,6.308967446160101e-05
782,regularly,0.0002624748115147187
783,registration,0.00013123740575735936
784,refuses,0.00041088258349805814
785,refused,7.320578812991565e-05
786,reflecting,7.100945900008833e-05
787,refers,0.00018070666308513914
788,reelection,8.622458610010885e-05
789,recites,0.00041088258349805814
790,reciprocity,0.0003284490364939758
791,recently,1.879531231511009e-05
792,recent,9.397656157555045e-06
793,receiving,2.8741528700036284e-05
794,receives,0.00018926902338480304
795,received,1.879531231511009e-05
796,recalling,0.00023996451053130105
797,recalled,4.9446434514453654e-05
798,reboot,0.00030783814621336385
799,reassurance,0.0003528509658706144
800,reasons,6.097650723633681e-05
801,reasonable,0.00017081350563646983
802,reason,6.423320224674193e-05
803,realm,0.0006324733207979871
804,really,0.00014069061987168614
805,ready,2.8192968472665135e-05
806,reading,0.00011537501386705853
807,read,2.8192968472665135e-05
808,reaching,2.4401929376638547e-05
809,reach,0.00012195301447267362
810,raymond,0.00011509108226215968
811,ratings,5.600518578100483e-05
812,rating,0.0001599763403542007
813,rather,4.9446434514453654e-05
814,rated,0.00018070666308513914
815,rarity,0.00030783814621336385
816,rare,7.320578812991565e-05
817,rapidly,7.672738817477311e-05
818,rap,0.00027105999462770873
819,ranging,7.320578812991565e-05
820,range,3.8539921348045165e-05
821,ramsey,0.0014780206642228911
822,rallying,0.00010261271540445462
823,raised,3.8539921348045165e-05
824,rain,0.00011496611480014514
825,radar,0.0005421199892554175
826,racism,3.8363694087386556e-05
827,racial,1.2846640449348386e-05
828,raced,6.308967446160101e-05
829,race,3.2964289676302434e-05
830,quizzical,0.00041088258349805814
831,quite,9.397656157555045e-06
832,quirks,0.00041088258349805814
833,quinn,0.00018926902338480304
834,quincy,3.759062463022018e-05
835,quietly,0.00011509108226215968
836,quickly,2.032550241211227e-05
837,question,0.0001926996067402258
838,quarterback,4.374580191911978e-05
839,quality,9.397656157555045e-06
840,qualities,9.035333154256957e-05
841,putting,1.2846640449348386e-05
842,put,6.578359310288532e-05
843,pushed,6.097650723633681e-05
844,purity,0.0001642245182469879
845,purchases,9.919297244900203e-05
846,purchased,0.00013123740575735936
847,pulley,0.00041088258349805814
848,pulled,4.9446434514453654e-05
849,pull,7.320578812991565e-05
850,puerto,9.919297244900203e-05
851,public,0.0002691472727980082
852,psychologist,0.00030783814621336385
853,provider,6.308967446160101e-05
854,provided,4.9446434514453654e-05
855,provide,3.6701900836092035e-05
856,proved,3.8363694087386556e-05
857,proud,2.032550241211227e-05
858,protests,7.672738817477311e-05
859,protesting,6.308967446160101e-05
860,protested,7.998817017710035e-05
861,protest,0.000201190700900254
862,prospect,0.00034717540357150713
863,prosaic,0.0004926735547409638
864,proposed,1.2846640449348386e-05
865,property,3.8539921348045165e-05
866,properly,0.0003062206134338385
867,propelled,6.308967446160101e-05
868,promises,0.00011509108226215968
869,proliferates,0.0004926735547409638
870,project,5.977913202102446e-06
871,prohibiting,0.0011495716277289153
872,prohibited,0.0007840726009340677
873,program,2.8192968472665135e-05
874,profound,0.0002479824311225051
875,profit,0.00010014192166095166
876,proficient,0.0006848043058300968
877,professional,7.320578812991565e-05
878,production,0.00023018216452431935
879,procession,0.00030783814621336385
880,process,9.397656157555045e-05
881,problems,5.638593694533027e-05
882,problem,4.281888430877404e-05
883,probably,5.1386561797393544e-05
884,pro,3.8363694087386556e-05
885,privately,0.00011509108226215968
886,principle,0.00027105999462770873
887,prince,0.00014878945867350304
888,primary,7.320578812991565e-05
889,price,5.1386561797393544e-05
890,previous,0.00012846640449348386
891,pretty,4.6988280787775224e-05
892,pretend,0.00018926902338480304
893,presidential,2.4401929376638547e-05
894,president,7.340380167218407e-05
895,present,3.8539921348045165e-05
896,prepared,7.320578812991565e-05
897,prepare,0.00010014192166095166
898,prep,0.000213028377000265
899,preoccupied,0.00041088258349805814
900,preliminary,3.8539921348045165e-05
901,preferred,6.308967446160101e-05
902,preferable,0.0004926735547409638
903,predecessor,0.00018926902338480304
904,predate,0.0003284490364939758
905,prayer,0.000213028377000265
906,praised,2.032550241211227e-05
907,practice,2.032550241211227e-05
908,powers,0.00039203630046703386
909,powell,0.00018070666308513914
910,poured,4.9596486224501014e-05
911,pounds,0.00010014192166095166
912,pothole,0.0004926735547409638
913,potentially,8.622458610010885e-05
914,posted,5.748305740007257e-05
915,positive,4.8803858753277093e-05
916,position,6.423320224674193e-05
917,portray,0.00023996451053130105
918,porcelain,0.00027392172233203874
919,popular,6.116983472682005e-06
920,pop,6.097650723633681e-05
921,poll,0.0001680155573430145
922,politics,8.130200964844907e-05
923,political,0.00017855546699354583
924,police,0.0004343058265604224
925,pointed,7.320578812991565e-05
926,point,5.638593694533027e-05
927,plymouth,0.00030690955269909245
928,plus,8.130200964844907e-05
929,plotting,0.00023996451053130105
930,plot,0.000336031114686029
931,pledge,5.600518578100483e-05
932,playwrights,0.0006568980729879516
933,playing,7.707984269609033e-05
934,playground,0.00011201037156200966
935,players,0.00022993222960029027
936,player,0.00017081350563646983
937,play,0.00021614609162376602
938,platform,0.00014878945867350304
939,plastic,7.672738817477311e-05
940,planters,0.0004926735547409638
941,plans,1.4944783005256117e-05
942,planning,2.5693280898696772e-05
943,plane,0.00011201037156200966
944,plan,2.8192968472665135e-05
945,places,0.00015415968539218066
946,place,0.00011277187389066054
947,pipe,9.919297244900203e-05
948,piggy,0.0003284490364939758
949,pierce,0.0003614133261702783
950,piece,2.8192968472665135e-05
951,pictures,0.00013123740575735936
952,picture,4.9446434514453654e-05
953,picky,0.0009587260281621356
954,piano,0.00017498320767647912
955,pianists,0.0005478434446640775
956,physical,2.032550241211227e-05
957,photos,4.065100482422454e-05
958,photographer,0.0001680155573430145
959,photo,8.622458610010885e-05
960,phones,0.000336031114686029
961,phone,7.518124926044036e-05
962,phillips,0.00042605675400053
963,philip,4.9596486224501014e-05
964,phew,0.0004926735547409638
965,petersburg,9.035333154256957e-05
966,pete,0.0001599763403542007
967,pescatore,0.0014780206642228911
968,perullo,0.0009853471094819276
969,persuade,0.0004416277212312071
970,perspective,5.600518578100483e-05
971,personally,7.320578812991565e-05
972,personality,0.00010014192166095166
973,person,6.423320224674193e-05
974,permanent,6.097650723633681e-05
975,performed,0.0001335225622146022
976,performance,8.992648314543872e-05
977,perform,0.000201190700900254
978,perched,0.0003528509658706144
979,percent,0.0001345736363990041
980,per,6.578359310288532e-05
981,people,0.00017335948286097095
982,pedestrian,0.00018926902338480304
983,peacefully,7.998817017710035e-05
984,peaceful,7.998817017710035e-05
985,peace,0.00020028384332190332
986,paying,0.0002032550241211227
987,pay,0.00033401265168305806
988,paula,0.00027105999462770873
989,paul,0.00012846640449348386
990,pats,0.00041045086161781846
991,patron,0.0003528509658706144
992,patriots,0.00021961736438974691
993,patriotic,0.00030783814621336385
994,patrickthe,0.0003284490364939758
995,patrick,0.00016482144838151218
996,patched,0.0003528509658706144
997,pat,4.9596486224501014e-05
998,pasta,0.0003785380467696061
999,past,7.518124926044036e-05
1000,passivity,0.00041088258349805814
1001,passive,0.00011761698862353812
1002,passing,8.622458610010885e-05
1003,passed,8.241072419075609e-05
1004,party,0.00011537501386705853
1005,parts,1.2846640449348386e-05
1006,partnership,4.065100482422454e-05
1007,partners,4.065100482422454e-05
1008,partnered,7.100945900008833e-05
1009,part,9.787173556291208e-05
1010,park,4.483434901576835e-05
1011,paris,0.0001335225622146022
1012,parents,0.00034612504160117555
1013,parent,0.000201190700900254
1014,paradise,0.00027105999462770873
1015,parade,0.00011509108226215968
1016,painful,0.00013123740575735936
1017,paid,1.2846640449348386e-05
1018,packed,7.320578812991565e-05
1019,pacino,0.0008217651669961163
1020,pace,0.0001724491722002177
1021,oyster,0.0002840378360003533
1022,owns,6.097650723633681e-05
1023,ownership,4.9596486224501014e-05
1024,owners,7.707984269609033e-05
1025,owner,2.8192968472665135e-05
1026,owned,0.00028019646224857066
1027,overwrought,0.0004926735547409638
1028,overseeing,8.749160383823956e-05
1029,overcoming,7.998817017710035e-05
1030,outsize,0.00041088258349805814
1031,outside,6.116983472682005e-06
1032,outrunning,0.00013696086116601937
1033,outraged,0.0001680155573430145
1034,outrage,7.998817017710035e-05
1035,otherwise,8.622458610010885e-05
1036,others,2.8192968472665135e-05
1037,orleans,0.0001335225622146022
1038,originating,0.00047046795449415247
1039,original,1.8350950418046017e-05
1040,orientation,0.000213028377000265
1041,organizers,0.00010014192166095166
1042,order,7.707984269609033e-05
1043,option,4.9446434514453654e-05
1044,opportunities,7.320578812991565e-05
1045,opinions,7.100945900008833e-05
1046,opinion,0.0003836369408738656
1047,operators,6.308967446160101e-05
1048,operative,0.00027105999462770873
1049,operations,0.0001464115762598313
1050,operates,4.9596486224501014e-05
1051,operated,8.749160383823956e-05
1052,operate,3.8363694087386556e-05
1053,opened,1.6482144838151217e-05
1054,open,1.1955826404204893e-05
1055,op,0.00027105999462770873
1056,onto,0.00012195301447267362
1057,online,3.2964289676302434e-05
1058,one,0.0003467189657219419
1059,olsen,0.00047046795449415247
1060,oliver,0.00012617934892320202
1061,oldest,5.748305740007257e-05
1062,old,0.0002202114050165522
1063,oh,1.6482144838151217e-05
1064,often,7.952078514486607e-05
1065,offspring,0.0004926735547409638
1066,offner,0.001058552897611843
1067,officials,1.793373960630734e-05
1068,official,6.097650723633681e-05
1069,officers,0.00044963241572719355
1070,officer,0.00044963241572719355
1071,officeholder,0.0003528509658706144
1072,office,0.0001101057025082761
1073,offers,3.0584917363410025e-05
1074,offered,1.2846640449348386e-05
1075,offer,2.8192968472665135e-05
1076,october,5.1386561797393544e-05
1077,occurred,2.4401929376638547e-05
1078,occupied,9.919297244900203e-05
1079,observers,0.00023996451053130105
1080,nwritten,0.00041088258349805814
1081,nwhen,0.00019838594489800406
1082,nuts,0.00019838594489800406
1083,nursing,0.0007811040490009717
1084,number,5.1386561797393544e-05
1085,nudity,0.00041088258349805814
1086,ntim,0.00013696086116601937
1087,nthe,1.1955826404204893e-05
1088,nso,0.00027105999462770873
1089,nsaks,0.0004926735547409638
1090,npublic,0.0001642245182469879
1091,npatients,0.0001642245182469879
1092,nowhere,0.0001335225622146022
1093,novel,0.0002975789173470061
1094,nov,4.065100482422454e-05
1095,notify,0.00027105999462770873
1096,noticed,7.320578812991565e-05
1097,nothing,4.281888430877404e-05
1098,notes,6.097650723633681e-05
1099,note,6.097650723633681e-05
1100,northern,3.338064055365055e-05
1101,north,0.00022417174507884176
1102,norman,4.9596486224501014e-05
1103,normalized,0.0004926735547409638
1104,noon,7.320578812991565e-05
1105,nonperishable,0.0003284490364939758
1106,non,7.707984269609033e-05
1107,nit,0.00011509108226215968
1108,ninety,6.728681819950205e-05
1109,nineteen,1.6482144838151217e-05
1110,nine,0.00013749200364835627
1111,nina,0.00020522543080890923
1112,nin,2.5693280898696772e-05
1113,night,0.00017127553723509615
1114,nice,6.578359310288532e-05
1115,nfl,0.0002624748115147187
1116,next,5.977913202102447e-05
1117,newtonian,0.00041088258349805814
1118,newton,9.889286902890731e-05
1119,news,2.5693280898696772e-05
1120,newbury,0.00023996451053130105
1121,new,6.27680886220757e-05
1122,never,9.787173556291208e-05
1123,neurodegenerative,0.00013696086116601937
1124,network,1.6482144838151217e-05
1125,nervous,0.00023018216452431935
1126,neo,7.100945900008833e-05
1127,neill,6.308967446160101e-05
1128,neighbors,4.9446434514453654e-05
1129,neighborhoods,1.8350950418046017e-05
1130,neighborhood,0.0001221695300482156
1131,neighbor,2.8741528700036284e-05
1132,needs,0.00015415968539218066
1133,needham,0.00011509108226215968
1134,need,3.287852261156346e-05
1135,necessities,0.00030783814621336385
1136,nearly,2.8192968472665135e-05
1137,nearby,1.6482144838151217e-05
1138,near,6.116983472682005e-06
1139,nchambers,0.0004926735547409638
1140,nbut,0.00042200063496125215
1141,nazis,6.308967446160101e-05
1142,navigating,0.00023996451053130105
1143,nauset,0.00041045086161781846
1144,nature,0.0002845570337695718
1145,natural,1.2846640449348386e-05
1146,natives,0.00027105999462770873
1147,national,7.340380167218407e-05
1148,nation,1.2846640449348386e-05
1149,natick,0.0002240207431240193
1150,nathaniel,0.00023523397724707623
1151,narbitrators,0.0009853471094819276
1152,nantasket,0.00047046795449415247
1153,named,1.223396694536401e-05
1154,name,1.8350950418046017e-05
1155,muted,0.00030783814621336385
1156,must,0.00012846640449348386
1157,music,3.6701900836092035e-05
1158,museums,0.00019838594489800406
1159,museum,0.0001503624985208807
1160,murrant,0.0003284490364939758
1161,multiple,6.423320224674193e-05
1162,much,0.0001345736363990041
1163,moving,3.759062463022018e-05
1164,movies,0.00013123740575735936
1165,movie,0.00030488253618168404
1166,moved,0.00012846640449348386
1167,move,1.2846640449348386e-05
1168,motor,0.00010014192166095166
1169,motive,7.100945900008833e-05
1170,mothers,0.00014878945867350304
1171,mother,0.0002569328089869677
1172,mostly,1.2846640449348386e-05
1173,moses,0.00020522543080890923
1174,morning,6.578359310288532e-05
1175,morality,0.0008217651669961163
1176,moral,0.00014878945867350304
1177,monuments,0.0002840378360003533
1178,months,0.00014131304494283226
1179,month,0.0001101057025082761
1180,monopolized,0.0004926735547409638
1181,monitors,7.100945900008833e-05
1182,money,1.879531231511009e-05
1183,monday,4.6988280787775224e-05
1184,moment,4.9446434514453654e-05
1185,mom,0.000300425764982855
1186,molasses,0.0012326477504941743
1187,mogul,0.00042605675400053
1188,modern,3.8539921348045165e-05
1189,moderate,5.600518578100483e-05
1190,mode,0.00014878945867350304
1191,mobile,0.00014878945867350304
1192,mob,0.000213028377000265
1193,mjw,0.0003528509658706144
1194,mix,9.760771750655419e-05
1195,mit,2.4401929376638547e-05
1196,mistress,0.00041088258349805814
1197,mistaken,0.0004970662130006183
1198,missing,0.00011496611480014514
1199,missed,2.8741528700036284e-05
1200,miss,6.097650723633681e-05
1201,miscellaneous,0.0004926735547409638
1202,minutes,0.0002032550241211227
1203,mind,2.8192968472665135e-05
1204,mimicking,0.0004926735547409638
1205,millions,0.000201190700900254
1206,million,5.08122622178708e-05
1207,miller,0.0001464115762598313
1208,miles,8.241072419075609e-05
1209,might,2.446793389072802e-05
1210,midlevel,0.0001642245182469879
1211,michlewitz,0.00013696086116601937
1212,michael,0.0001284566529263221
1213,metropolitan,0.00015345477634954623
1214,metaphor,0.00030783814621336385
1215,met,9.787173556291208e-05
1216,messina,0.0007057019317412288
1217,messages,8.622458610010885e-05
1218,message,3.8539921348045165e-05
1219,mesmerized,0.0006568980729879516
1220,mere,0.0001680155573430145
1221,mentioned,3.8363694087386556e-05
1222,menino,0.001830144703247891
1223,menace,0.0011495716277289153
1224,men,0.0002569328089869677
1225,memorized,0.00041088258349805814
1226,memorial,5.1386561797393544e-05
1227,members,0.0001691578108359908
1228,meltdown,0.00010261271540445462
1229,melrose,0.00014878945867350304
1230,meetings,0.00025867375830032656
1231,meeting,0.00016260401929689815
1232,meet,8.992648314543872e-05
1233,medford,8.749160383823956e-05
1234,meaty,0.00030783814621336385
1235,measured,0.00012617934892320202
1236,meant,0.0003626071864393268
1237,means,2.8192968472665135e-05
1238,meaning,3.338064055365055e-05
1239,mean,3.759062463022018e-05
1240,meals,0.0001680155573430145
1241,meal,6.097650723633681e-05
1242,mckenna,0.00030783814621336385
1243,mcdermott,0.0007057019317412288
1244,mccarthy,6.097650723633681e-05
1245,mbta,8.992648314543872e-05
1246,mayors,0.00018926902338480304
1247,mayoral,6.097650723633681e-05
1248,mayor,0.00028138123974337227
1249,maybe,0.00011277187389066054
1250,may,0.00011277187389066054
1251,max,0.00018926902338480304
1252,mavericks,0.0004926735547409638
1253,maureen,0.00012617934892320202
1254,matthew,8.622458610010885e-05
1255,matter,6.578359310288532e-05
1256,mattapan,9.397656157555045e-06
1257,mattahunt,7.998817017710035e-05
1258,match,0.00013123740575735936
1259,master,4.9446434514453654e-05
1260,massive,1.6482144838151217e-05
1261,massachusetts,2.988956601051223e-06
1262,mass,1.2846640449348386e-05
1263,maso,0.0004926735547409638
1264,mary,1.6482144838151217e-05
1265,marveled,0.0003528509658706144
1266,martin,5.638593694533027e-05
1267,marquis,0.0006848043058300968
1268,marks,8.749160383823956e-05
1269,mark,2.8192968472665135e-05
1270,marie,0.0008400777867150724
1271,many,0.00014944783005256117
1272,mandate,4.374580191911978e-05
1273,manages,0.000213028377000265
1274,management,2.5693280898696772e-05
1275,manage,3.8363694087386556e-05
1276,man,3.8856435813665906e-05
1277,making,3.6701900836092035e-05
1278,makes,0.00010398871903559408
1279,makers,0.0001680155573430145
1280,make,6.27680886220757e-05
1281,major,9.397656157555045e-06
1282,maintain,0.00015345477634954623
1283,mail,0.00012195301447267362
1284,maher,0.00041088258349805814
1285,mahanama,0.0001642245182469879
1286,magnolia,0.00047046795449415247
1287,magnificent,0.00041045086161781846
1288,mafia,0.00027105999462770873
1289,madonna,0.0009235144386400915
1290,made,3.586747921261468e-05
1291,machinery,0.00027105999462770873
1292,lurking,0.00020522543080890923
1293,lunch,0.00010014192166095166
1294,lucky,3.338064055365055e-05
1295,lowered,0.00018926902338480304
1296,lower,1.2846640449348386e-05
1297,low,2.988956601051223e-06
1298,lover,0.00018926902338480304
1299,loved,8.130200964844907e-05
1300,love,9.787173556291208e-05
1301,louvre,0.0013137961459759031
1302,lounging,0.00041088258349805814
1303,lot,0.0001221695300482156
1304,lost,2.5693280898696772e-05
1305,lorraine,0.0014114038634824575
1306,lord,0.0004970662130006183
1307,loop,0.00027105999462770873
1308,looks,6.097650723633681e-05
1309,looking,2.0922696207358566e-05
1310,looked,6.578359310288532e-05
1311,look,4.782330561681957e-05
1312,longtime,0.00010277312359478709
1313,long,0.00017127553723509615
1314,locked,8.622458610010885e-05
1315,locations,0.00010162751206056135
1316,location,1.879531231511009e-05
1317,local,1.4944783005256117e-05
1318,lobster,0.00015345477634954623
1319,llc,7.998817017710035e-05
1320,living,4.9446434514453654e-05
1321,lives,7.340380167218407e-05
1322,lived,7.952078514486607e-05
1323,live,7.771287162733181e-05
1324,little,3.287852261156346e-05
1325,literal,0.0003528509658706144
1326,listening,2.8741528700036284e-05
1327,listed,8.622458610010885e-05
1328,list,1.6482144838151217e-05
1329,liss,0.00027392172233203874
1330,lip,0.00041088258349805814
1331,lines,4.9446434514453654e-05
1332,linen,0.00027392172233203874
1333,lined,9.919297244900203e-05
1334,line,6.728681819950205e-05
1335,limited,3.8539921348045165e-05
1336,limitations,0.0001680155573430145
1337,lilley,0.0003284490364939758
1338,likes,0.00011509108226215968
1339,likened,0.00027105999462770873
1340,likely,6.116983472682005e-05
1341,like,0.00019428217906832955
1342,lightning,0.00023996451053130105
1343,lightings,0.0004926735547409638
1344,light,3.759062463022018e-05
1345,life,4.893586778145604e-05
1346,lieutenant,7.320578812991565e-05
1347,lied,0.0004416277212312071
1348,library,0.000268421223143024
1349,libraries,0.00025235869784640403
1350,lexington,0.00011496611480014514
1351,lewis,0.00011509108226215968
1352,level,1.8350950418046017e-05
1353,lethal,0.0007998817017710035
1354,let,4.6988280787775224e-05
1355,less,0.0001221695300482156
1356,length,8.622458610010885e-05
1357,lehane,0.0008131799838831261
1358,legions,0.0011495716277289153
1359,legacy,7.320578812991565e-05
1360,leg,8.622458610010885e-05
1361,left,5.638593694533027e-05
1362,leaving,3.759062463022018e-05
1363,leave,9.397656157555045e-05
1364,least,4.281888430877404e-05
1365,lease,0.00013123740575735936
1366,learning,9.397656157555045e-06
1367,learned,0.00011561976404413549
1368,lean,0.000213028377000265
1369,leah,0.00011761698862353812
1370,leadership,1.879531231511009e-05
1371,leader,3.8539921348045165e-05
1372,laziness,0.0007057019317412288
1373,layer,0.00014201891800017666
1374,lawsuit,0.0005370917172234119
1375,law,1.879531231511009e-05
1376,laughed,0.00025235869784640403
1377,later,3.6701900836092035e-05
1378,lately,8.622458610010885e-05
1379,late,9.397656157555045e-05
1380,lastly,0.0011495716277289153
1381,lasting,4.9596486224501014e-05
1382,last,0.00013151409044625384
1383,largest,9.397656157555045e-06
1384,larger,3.8539921348045165e-05
1385,largely,1.6482144838151217e-05
1386,large,4.281888430877404e-05
1387,language,7.320578812991565e-05
1388,landlubber,0.0004926735547409638
1389,landing,0.00014878945867350304
1390,land,8.130200964844907e-05
1391,lady,8.622458610010885e-05
1392,lack,3.8539921348045165e-05
1393,laced,0.00030783814621336385
1394,lace,0.0003528509658706144
1395,labyrinthine,0.00041088258349805814
1396,labor,3.8539921348045165e-05
1397,kyle,0.00018926902338480304
1398,kristin,0.00041045086161781846
1399,knows,0.0002569328089869677
1400,known,4.281888430877404e-05
1401,know,7.340380167218407e-05
1402,knew,0.00020554624718957418
1403,kneeling,9.035333154256957e-05
1404,kneel,0.0003284490364939758
1405,knee,0.00019838594489800406
1406,kkk,0.00030783814621336385
1407,kitchen,0.00033380640553650555
1408,kirsty,0.0004926735547409638
1409,kingdom,0.00027105999462770873
1410,king,0.00010014192166095166
1411,killing,3.338064055365055e-05
1412,killed,2.032550241211227e-05
1413,kill,0.00011509108226215968
1414,kids,7.340380167218407e-05
1415,kidding,0.0003614133261702783
1416,kid,6.116983472682005e-06
1417,kicked,0.00011509108226215968
1418,key,0.00011537501386705853
1419,kevin,2.4401929376638547e-05
1420,ketchup,0.00013696086116601937
1421,kennedy,0.00016260401929689815
1422,keeps,8.622458610010885e-05
1423,keep,6.728681819950205e-05
1424,katrina,0.0002840378360003533
1425,kathryn,0.00018070666308513914
1426,kate,6.308967446160101e-05
1427,justices,0.0008233189203647669
1428,june,0.00015415968539218066
1429,jumping,0.00034717540357150713
1430,juicy,0.00023996451053130105
1431,judicial,0.0003062206134338385
1432,judge,0.0004120536209537804
1433,jr,6.097650723633681e-05
1434,joyce,0.0003785380467696061
1435,joy,0.0006897966888008708
1436,journalists,0.00019838594489800406
1437,jordan,0.00017498320767647912
1438,joined,3.8539921348045165e-05
1439,join,0.00011537501386705853
1440,john,1.879531231511009e-05
1441,joe,0.0004065100482422454
1442,jobs,0.00011537501386705853
1443,job,0.0002446793389072802
1444,janet,0.00014201891800017666
1445,jan,3.338064055365055e-05
1446,jackson,0.00014131304494283226
1447,jabr,0.0006568980729879516
1448,itinerary,0.00041088258349805814
1449,itineraries,0.0009853471094819276
1450,items,8.622458610010885e-05
1451,issues,3.0584917363410025e-05
1452,issue,1.879531231511009e-05
1453,island,3.759062463022018e-05
1454,isaiah,0.0005421199892554175
1455,irresistible,0.000213028377000265
1456,irish,0.00012195301447267362
1457,involvement,0.00015345477634954623
1458,involved,2.5693280898696772e-05
1459,investigated,0.00034717540357150713
1460,introduced,0.00011509108226215968
1461,introduce,0.0001680155573430145
1462,interview,2.8192968472665135e-05
1463,interruption,0.0003528509658706144
1464,interpretation,0.0004970662130006183
1465,interior,0.00014878945867350304
1466,interests,0.00011509108226215968
1467,interesting,3.2964289676302434e-05
1468,interested,4.065100482422454e-05
1469,intercom,0.00041088258349805814
1470,interactions,0.0004799290210626021
1471,interacting,0.0005421199892554175
1472,intent,8.622458610010885e-05
1473,instructional,0.00018070666308513914
1474,instead,1.879531231511009e-05
1475,instantly,0.00018926902338480304
1476,instagram,0.00027105999462770873
1477,insight,0.00011201037156200966
1478,inside,2.8192968472665135e-05
1479,insensitive,0.0004970662130006183
1480,injuries,3.2964289676302434e-05
1481,injured,2.8741528700036284e-05
1482,initiates,0.0001642245182469879
1483,initially,8.130200964844907e-05
1484,initial,0.00011496611480014514
1485,inherited,0.0001680155573430145
1486,information,5.638593694533027e-05
1487,inform,0.00018926902338480304
1488,inequality,2.8741528700036284e-05
1489,individual,0.00012195301447267362
1490,indicating,0.00023996451053130105
1491,indeed,8.622458610010885e-05
1492,increasingly,0.00010162751206056135
1493,increased,2.4401929376638547e-05
1494,increase,1.2846640449348386e-05
1495,including,5.977913202102447e-05
1496,include,2.8192968472665135e-05
1497,incident,0.00017081350563646983
1498,inches,7.672738817477311e-05
1499,inch,5.748305740007257e-05
1500,improving,2.8741528700036284e-05
1501,improvement,5.748305740007257e-05
1502,important,6.578359310288532e-05
1503,implied,0.00010261271540445462
1504,implement,4.9596486224501014e-05
1505,impersonal,0.00041088258349805814
1506,impact,1.2846640449348386e-05
1507,immigrants,3.8539921348045165e-05
1508,immediately,8.241072419075609e-05
1509,immediate,8.241072419075609e-05
1510,imagine,8.622458610010885e-05
1511,ii,0.0003626071864393268
1512,iconic,0.00013123740575735936
1513,hustling,0.0004926735547409638
1514,husbands,0.00041088258349805814
1515,husband,0.00012846640449348386
1516,hurt,2.032550241211227e-05
1517,hurricanes,9.035333154256957e-05
1518,hurricane,0.0002975789173470061
1519,huntress,0.0004926735547409638
1520,hungry,8.622458610010885e-05
1521,hundred,0.00019428217906832955
1522,human,9.889286902890731e-05
1523,however,1.2846640449348386e-05
1524,houston,0.0004463683760205091
1525,household,0.00014878945867350304
1526,house,0.00010398871903559408
1527,hours,2.5693280898696772e-05
1528,hour,5.1386561797393544e-05
1529,hot,0.0001422785168847859
1530,hostess,0.0003528509658706144
1531,hosted,8.622458610010885e-05
1532,host,4.9446434514453654e-05
1533,hosford,0.0008211225912349396
1534,horses,9.035333154256957e-05
1535,horrified,0.0003528509658706144
1536,hopping,0.00047046795449415247
1537,hoping,4.9446434514453654e-05
1538,hopes,3.759062463022018e-05
1539,hopefully,0.0001918184704369328
1540,hoop,0.00030783814621336385
1541,hook,0.00023996451053130105
1542,honored,2.8741528700036284e-05
1543,honest,0.00014878945867350304
1544,homework,0.00018926902338480304
1545,home,9.564661123363914e-05
1546,homage,7.998817017710035e-05
1547,holed,0.0004926735547409638
1548,holds,0.00043745801919119784
1549,holder,0.00027105999462770873
1550,hold,0.00014131304494283226
1551,hoisted,0.00030783814621336385
1552,hobbles,0.0004926735547409638
1553,history,6.874600182417813e-05
1554,historical,8.622458610010885e-05
1555,historic,3.759062463022018e-05
1556,hiring,0.00026854585861170596
1557,hines,0.0012649466415959741
1558,hill,1.8350950418046017e-05
1559,highlighted,5.748305740007257e-05
1560,highfalutin,0.0004926735547409638
1561,highest,0.00013185715870520974
1562,higher,1.8350950418046017e-05
1563,high,5.380121881892202e-05
1564,hichborn,0.0006568980729879516
1565,heroism,0.00013696086116601937
1566,hero,0.00010014192166095166
1567,herb,0.00023996451053130105
1568,hennessy,0.0003528509658706144
1569,helping,4.065100482422454e-05
1570,helpful,0.00023996451053130105
1571,help,6.116983472682005e-05
1572,hello,0.00014878945867350304
1573,helicopter,0.00018926902338480304
1574,heights,0.00013123740575735936
1575,heatstroke,0.0001642245182469879
1576,heard,9.397656157555045e-06
1577,healthcare,4.9596486224501014e-05
1578,health,6.423320224674193e-05
1579,headquarters,4.8803858753277093e-05
1580,headmaster,6.308967446160101e-05
1581,head,1.8350950418046017e-05
1582,hate,0.00012195301447267362
1583,hat,0.0001680155573430145
1584,harvey,0.0002240207431240193
1585,harvard,0.00010337421773310549
1586,harsher,0.0003528509658706144
1587,harness,0.00027105999462770873
1588,hare,0.00030783814621336385
1589,hardly,8.622458610010885e-05
1590,hard,7.952078514486607e-05
1591,harborview,0.00041088258349805814
1592,harbor,0.0003982458539298
1593,happens,0.0001724491722002177
1594,happening,2.4401929376638547e-05
1595,happened,2.032550241211227e-05
1596,hanlon,0.00010261271540445462
1597,hang,0.00011509108226215968
1598,handshakes,0.0003528509658706144
1599,hands,9.397656157555045e-05
1600,handed,5.748305740007257e-05
1601,hand,2.446793389072802e-05
1602,halt,0.00027105999462770873
1603,hallmarks,0.00027392172233203874
1604,hallmark,9.035333154256957e-05
1605,hall,0.0005267122584232839
1606,hair,7.320578812991565e-05
1607,guy,4.9446434514453654e-05
1608,gushed,0.0003528509658706144
1609,guided,0.00011201037156200966
1610,guest,0.0001724491722002177
1611,guess,0.00023366448387555387
1612,guard,0.00011496611480014514
1613,grudge,0.0004926735547409638
1614,grow,3.8539921348045165e-05
1615,ground,4.065100482422454e-05
1616,grocery,0.00014878945867350304
1617,grinds,0.0004926735547409638
1618,grim,7.998817017710035e-05
1619,grill,7.998817017710035e-05
1620,grieving,0.00030783814621336385
1621,grew,0.00014096484236332565
1622,greenway,0.00025235869784640403
1623,great,3.0584917363410025e-05
1624,grayson,0.0001642245182469879
1625,grateful,3.8363694087386556e-05
1626,grass,0.00011509108226215968
1627,granular,0.00041088258349805814
1628,grandmother,0.0006561870287867968
1629,grandfather,0.00011496611480014514
1630,granddaughter,0.0004799290210626021
1631,grand,4.9446434514453654e-05
1632,graduated,0.0001829295217090104
1633,graduate,1.2846640449348386e-05
1634,gradual,0.0003528509658706144
1635,grades,4.9596486224501014e-05
1636,grace,0.00010014192166095166
1637,grab,0.00013123740575735936
1638,governor,0.0001926996067402258
1639,government,9.397656157555045e-06
1640,governing,0.0002840378360003533
1641,govern,0.0003528509658706144
1642,gotten,8.622458610010885e-05
1643,got,0.0002537367162539862
1644,goopy,0.0003284490364939758
1645,gooey,0.00010261271540445462
1646,goods,0.0002800259289050242
1647,good,0.0001162226859809581
1648,gone,0.00011561976404413549
1649,gold,7.320578812991565e-05
1650,going,6.575704522312692e-05
1651,goes,3.8539921348045165e-05
1652,godfather,0.00030783814621336385
1653,god,3.2964289676302434e-05
1654,goalpost,0.0001642245182469879
1655,goal,3.2964289676302434e-05
1656,go,6.874600182417813e-05
1657,gnat,0.0001642245182469879
1658,globe,0.00015904157028973214
1659,glinda,0.0006568980729879516
1660,glenister,0.0004926735547409638
1661,gleeson,0.0004926735547409638
1662,gleaming,0.00014878945867350304
1663,glazier,0.0003284490364939758
1664,glass,4.065100482422454e-05
1665,glad,5.748305740007257e-05
1666,giving,8.992648314543872e-05
1667,gives,6.592857935260487e-05
1668,given,0.00016700632584152903
1669,give,9.175475209023008e-05
1670,girone,0.0004926735547409638
1671,girls,0.00013156718620577063
1672,girl,8.45789054179954e-05
1673,giant,2.8741528700036284e-05
1674,ghoul,0.0004926735547409638
1675,getting,5.638593694533027e-05
1676,gets,0.00016482144838151218
1677,get,0.00023856235543459823
1678,geraldine,0.0009587260281621356
1679,georgia,5.600518578100483e-05
1680,georgetown,0.00014878945867350304
1681,gentrifying,0.00027105999462770873
1682,gently,0.00014201891800017666
1683,genova,0.0001642245182469879
1684,gelatinous,0.0001642245182469879
1685,gear,0.00013123740575735936
1686,gayle,0.0004926735547409638
1687,gave,6.592857935260487e-05
1688,gardens,0.00025235869784640403
1689,garden,3.759062463022018e-05
1690,gangsters,0.00041088258349805814
1691,gangster,0.0012313525848534554
1692,games,2.4401929376638547e-05
1693,game,4.6988280787775224e-05
1694,galvin,0.00042605675400053
1695,gallop,0.0004926735547409638
1696,gallons,9.035333154256957e-05
1697,gallagher,0.0008217651669961163
1698,gala,0.0003528509658706144
1699,gained,3.8363694087386556e-05
1700,future,1.8350950418046017e-05
1701,futile,0.00013696086116601937
1702,funeral,0.00013123740575735936
1703,funds,7.320578812991565e-05
1704,funded,0.00023366448387555387
1705,function,0.00042605675400053
1706,fun,6.578359310288532e-05
1707,full,0.00013156718620577063
1708,frustration,3.338064055365055e-05
1709,fruit,0.0001680155573430145
1710,frosting,0.0006568980729879516
1711,front,4.281888430877404e-05
1712,frisky,0.0004926735547409638
1713,friends,2.8192968472665135e-05
1714,friend,6.423320224674193e-05
1715,friday,1.8350950418046017e-05
1716,fresh,3.759062463022018e-05
1717,frequently,0.0001335225622146022
1718,frenzied,0.0003528509658706144
1719,frenetic,0.00041088258349805814
1720,freezing,0.000213028377000265
1721,freelancer,0.0004926735547409638
1722,freelance,0.0003528509658706144
1723,freedom,0.0001335225622146022
1724,free,6.116983472682005e-06
1725,frattaroli,0.0001642245182469879
1726,frantic,7.100945900008833e-05
1727,frankly,7.100945900008833e-05
1728,franklin,4.9446434514453654e-05
1729,frank,0.00011509108226215968
1730,franchise,0.00023996451053130105
1731,framingham,6.67612811073011e-05
1732,fracture,0.00011761698862353812
1733,fourteen,2.3911652808409785e-05
1734,fours,0.0004926735547409638
1735,four,1.793373960630734e-05
1736,foundation,2.032550241211227e-05
1737,found,2.446793389072802e-05
1738,fought,3.8363694087386556e-05
1739,fostering,6.308967446160101e-05
1740,forward,0.00010277312359478709
1741,forty,2.8192968472665135e-05
1742,formula,0.00042605675400053
1743,former,3.759062463022018e-05
1744,formed,0.0001335225622146022
1745,form,3.8539921348045165e-05
1746,foreseeable,0.00027105999462770873
1747,forehead,0.0003528509658706144
1748,forces,3.8363694087386556e-05
1749,forced,3.2964289676302434e-05
1750,force,0.00011656930744099772
1751,footnote,0.00041088258349805814
1752,football,0.00010162751206056135
1753,footage,9.919297244900203e-05
1754,foot,0.0001221695300482156
1755,foods,8.749160383823956e-05
1756,food,6.578359310288532e-05
1757,fondness,0.0004926735547409638
1758,following,1.879531231511009e-05
1759,focused,5.1386561797393544e-05
1760,flynn,0.00013123740575735936
1761,flying,0.0009186618403015154
1762,fly,0.0006324733207979871
1763,fluids,0.0004926735547409638
1764,fluid,0.0001599763403542007
1765,flowers,0.00023018216452431935
1766,flower,0.0003528509658706144
1767,flow,4.9596486224501014e-05
1768,florida,2.4401929376638547e-05
1769,floors,6.67612811073011e-05
1770,floor,1.8350950418046017e-05
1771,floodwaters,0.00027392172233203874
1772,flooding,0.00011496611480014514
1773,flood,6.67612811073011e-05
1774,flip,0.00023996451053130105
1775,flight,0.00034527324678647906
1776,flew,0.00019838594489800406
1777,fleet,0.00014878945867350304
1778,fleeing,0.00011201037156200966
1779,flaherty,0.0001680155573430145
1780,flagon,0.0003284490364939758
1781,flag,3.338064055365055e-05
1782,fla,5.600518578100483e-05
1783,fixed,0.00034717540357150713
1784,five,8.070182822838304e-05
1785,fit,8.622458610010885e-05
1786,fist,0.00020522543080890923
1787,fishing,0.00011509108226215968
1788,fishermen,0.0012313525848534554
1789,fisherman,0.001491198639001855
1790,first,0.00017335948286097095
1791,firings,0.0011495716277289153
1792,fireman,0.00041088258349805814
1793,firehouse,0.00010261271540445462
1794,fired,0.0002697794494363161
1795,fire,9.397656157555045e-05
1796,fine,8.992648314543872e-05
1797,finds,0.00039203630046703386
1798,finding,0.00016700632584152903
1799,find,0.0001221695300482156
1800,finally,6.116983472682005e-05
1801,final,3.8539921348045165e-05
1802,film,0.00021961736438974691
1803,filed,0.0001422785168847859
1804,fifty,0.0001162226859809581
1805,fifth,0.000201190700900254
1806,fifteen,5.380121881892202e-05
1807,field,3.8539921348045165e-05
1808,fiction,0.00027105999462770873
1809,fetched,0.0003528509658706144
1810,festivities,0.00027105999462770873
1811,festival,3.8539921348045165e-05
1812,ferris,0.00013696086116601937
1813,fenway,0.00010277312359478709
1814,fema,0.00027392172233203874
1815,felt,0.00012846640449348386
1816,fellow,0.00012846640449348386
1817,fell,1.2846640449348386e-05
1818,feet,0.0001503624985208807
1819,feeling,3.8539921348045165e-05
1820,feel,3.759062463022018e-05
1821,feedback,0.00018926902338480304
1822,federal,0.00019735077930865594
1823,featuring,0.00013123740575735936
1824,featured,7.320578812991565e-05
1825,feature,0.00012195301447267362
1826,feat,0.000213028377000265
1827,feast,0.0016797515737191073
1828,fearful,0.00027105999462770873
1829,feared,3.338064055365055e-05
1830,fear,3.8539921348045165e-05
1831,favorite,8.130200964844907e-05
1832,faust,0.00041088258349805814
1833,fathers,0.00023996451053130105
1834,father,8.241072419075609e-05
1835,fashioned,0.0002975789173470061
1836,fascination,0.00013696086116601937
1837,far,0.00011277187389066054
1838,fans,0.00016260401929689815
1839,fanning,0.001058552897611843
1840,faneuil,0.00017498320767647912
1841,fan,2.4401929376638547e-05
1842,family,0.00014069061987168614
1843,families,8.45789054179954e-05
1844,familial,0.0003528509658706144
1845,fame,0.0002670451244292044
1846,false,0.0005600518578100484
1847,fall,3.8539921348045165e-05
1848,fairhaven,0.00020522543080890923
1849,factor,0.00011509108226215968
1850,fact,0.00013156718620577063
1851,facing,6.097650723633681e-05
1852,facility,0.00012200964688319273
1853,facilities,3.338064055365055e-05
1854,face,0.00017985296629087743
1855,fabulous,0.00023996451053130105
1856,eyes,5.1386561797393544e-05
1857,eyed,0.00014878945867350304
1858,eye,0.00011561976404413549
1859,exterior,0.0001680155573430145
1860,extent,0.00023996451053130105
1861,expressed,0.00012200964688319273
1862,explore,0.0001335225622146022
1863,explicitly,0.0007182890078311824
1864,expletive,0.00014878945867350304
1865,explain,0.00010014192166095166
1866,experience,3.6701900836092035e-05
1867,expensive,0.0001813035932196634
1868,expects,5.748305740007257e-05
1869,expected,9.397656157555045e-06
1870,expectations,3.8363694087386556e-05
1871,expect,0.00016482144838151218
1872,exotic,0.00030783814621336385
1873,exists,0.0002240207431240193
1874,exigencies,0.0004926735547409638
1875,exemplary,0.00011761698862353812
1876,executives,0.00011509108226215968
1877,executive,8.45789054179954e-05
1878,excuses,0.0003199526807084014
1879,excuse,0.0001680155573430145
1880,excessive,0.0013248831636936212
1881,except,2.4401929376638547e-05
1882,excavation,0.00023523397724707623
1883,example,1.2846640449348386e-05
1884,examine,0.00023366448387555387
1885,exactly,4.9446434514453654e-05
1886,exact,0.00034717540357150713
1887,evidence,0.0001422785168847859
1888,everything,5.505285125413805e-05
1889,every,6.116983472682005e-05
1890,ever,0.0001345736363990041
1891,eventually,6.592857935260487e-05
1892,events,0.0001691578108359908
1893,event,4.9446434514453654e-05
1894,evenly,0.0003528509658706144
1895,even,0.0002202114050165522
1896,evangelist,0.0004926735547409638
1897,evaluation,0.00042605675400053
1898,evacuated,0.00020522543080890923
1899,eulogy,0.000213028377000265
1900,essentially,0.00026854585861170596
1901,especially,0.0001101057025082761
1902,ernesto,0.00030783814621336385
1903,era,0.00012195301447267362
1904,equates,0.0004926735547409638
1905,equal,0.00014878945867350304
1906,entries,0.0006156762924267277
1907,entrepreneur,0.00027105999462770873
1908,entirety,0.00027105999462770873
1909,entire,3.8539921348045165e-05
1910,enters,0.00023996451053130105
1911,entering,7.320578812991565e-05
1912,enter,8.622458610010885e-05
1913,ensures,0.00010261271540445462
1914,enough,4.184539241471713e-05
1915,enhance,7.998817017710035e-05
1916,engagement,0.00023366448387555387
1917,engaged,8.622458610010885e-05
1918,energy,2.8192968472665135e-05
1919,endings,0.0004926735547409638
1920,ender,0.0008217651669961163
1921,endeavoring,0.0001642245182469879
1922,end,0.00044653979350578644
1923,encourage,2.8741528700036284e-05
1924,encephalopathy,0.00013696086116601937
1925,empathy,7.100945900008833e-05
1926,emotional,7.320578812991565e-05
1927,emotion,0.00023996451053130105
1928,emoticon,0.0004926735547409638
1929,emoji,0.00041088258349805814
1930,emma,0.00023996451053130105
1931,emergencies,0.00023523397724707623
1932,emerge,0.00011509108226215968
1933,embraced,0.0001335225622146022
1934,embrace,0.00013123740575735936
1935,elusive,0.00023996451053130105
1936,else,2.446793389072802e-05
1937,elle,0.0009853471094819276
1938,eliot,6.308967446160101e-05
1939,eleven,5.679017541997324e-05
1940,elevated,0.0002840378360003533
1941,elementary,6.67612811073011e-05
1942,electrified,0.0003528509658706144
1943,electoral,0.00020522543080890923
1944,election,2.8192968472665135e-05
1945,elected,8.130200964844907e-05
1946,either,2.8192968472665135e-05
1947,eighty,9.397656157555045e-05
1948,eighteen,2.8192968472665135e-05
1949,eight,0.00015292458681705014
1950,egg,0.00014878945867350304
1951,efforts,1.2846640449348386e-05
1952,effort,2.5693280898696772e-05
1953,efficiencies,9.035333154256957e-05
1954,edit,0.0003528509658706144
1955,edge,7.320578812991565e-05
1956,eddie,0.000213028377000265
1957,eclectic,0.0003199526807084014
1958,easier,6.097650723633681e-05
1959,early,4.893586778145604e-05
1960,earliest,0.00012617934892320202
1961,earlier,4.6988280787775224e-05
1962,eagerness,0.00041088258349805814
1963,eager,0.00010014192166095166
1964,dwindling,0.00030783814621336385
1965,dwarfed,0.0004926735547409638
1966,duty,0.000201190700900254
1967,duration,0.00041088258349805814
1968,dumped,0.00030783814621336385
1969,dull,0.00023996451053130105
1970,dug,0.0003614133261702783
1971,dubious,0.0004926735547409638
1972,dry,0.0001724491722002177
1973,drunk,0.0001680155573430145
1974,dropped,4.9446434514453654e-05
1975,drop,6.097650723633681e-05
1976,drooling,0.00027392172233203874
1977,driving,6.097650723633681e-05
1978,driven,8.622458610010885e-05
1979,drive,3.759062463022018e-05
1980,drilled,0.00041088258349805814
1981,drew,0.0001464115762598313
1982,dressed,0.00013123740575735936
1983,dream,6.097650723633681e-05
1984,dreadful,0.00041088258349805814
1985,dramas,0.0003528509658706144
1986,dragonfly,0.0004926735547409638
1987,dr,4.8803858753277093e-05
1988,dozen,8.992648314543872e-05
1989,downtown,6.423320224674193e-05
1990,dowd,0.0001642245182469879
1991,dough,0.00027105999462770873
1992,doubt,0.00017081350563646983
1993,dot,0.000213028377000265
1994,dorchester,2.690060940946101e-05
1995,door,4.6988280787775224e-05
1996,donor,0.00012617934892320202
1997,done,6.578359310288532e-05
1998,donations,0.0002670451244292044
1999,donation,7.672738817477311e-05
2000,dom,0.00027105999462770873
2001,doings,0.0004926735547409638
2002,dog,0.00010014192166095166
2003,documented,0.0001680155573430145
2004,dockets,0.0004926735547409638
2005,docked,0.0007057019317412288
2006,dock,0.000213028377000265
2007,divisive,5.600518578100483e-05
2008,divided,0.00011201037156200966
2009,divide,5.600518578100483e-05
2010,diversity,2.032550241211227e-05
2011,disturbs,0.0001642245182469879
2012,district,8.992648314543872e-05
2013,distributed,0.00027105999462770873
2014,distilling,0.00013696086116601937
2015,distant,0.00018926902338480304
2016,distance,0.0004959648622450102
2017,disrupted,0.00010261271540445462
2018,disrespectful,9.035333154256957e-05
2019,displeased,0.00041088258349805814
2020,display,4.9446434514453654e-05
2021,dispatched,0.00023996451053130105
2022,dismissal,0.0005599171912397025
2023,dismay,0.00010261271540445462
2024,disease,4.374580191911978e-05
2025,discussed,2.8741528700036284e-05
2026,discovered,6.67612811073011e-05
2027,disconnected,0.0004926735547409638
2028,disasters,7.998817017710035e-05
2029,disaster,0.00011509108226215968
2030,director,2.3911652808409785e-05
2031,directed,0.0001464115762598313
2032,direct,0.0001464115762598313
2033,dion,0.0004926735547409638
2034,dinner,8.622458610010885e-05
2035,dimensions,0.0003528509658706144
2036,digs,0.00014201891800017666
2037,digital,8.622458610010885e-05
2038,dig,0.0002975789173470061
2039,different,8.96686980315367e-06
2040,difference,4.8803858753277093e-05
2041,died,3.759062463022018e-05
2042,die,3.8363694087386556e-05
2043,diapers,0.0007057019317412288
2044,dialect,0.0004926735547409638
2045,devotion,0.00018926902338480304
2046,devices,0.0001680155573430145
2047,development,9.397656157555045e-06
2048,devastation,0.00027105999462770873
2049,devastating,4.374580191911978e-05
2050,devastated,6.308967446160101e-05
2051,deval,0.0001680155573430145
2052,deters,0.0006568980729879516
2053,detective,0.00020028384332190332
2054,destructive,7.998817017710035e-05
2055,desperately,0.00011201037156200966
2056,deserve,0.00013123740575735936
2057,descendants,0.0004799290210626021
2058,deploying,0.0004926735547409638
2059,deplorables,0.0004926735547409638
2060,departure,8.622458610010885e-05
2061,department,0.00035711093398709166
2062,denver,0.0001680155573430145
2063,denunciations,0.0001642245182469879
2064,denoting,0.0004926735547409638
2065,dennis,0.0002624748115147187
2066,denied,7.320578812991565e-05
2067,demonized,0.0003528509658706144
2068,democratic,0.00024390602894534724
2069,democrat,0.00011496611480014514
2070,demise,0.00011761698862353812
2071,delivery,0.00013123740575735936
2072,delivers,0.000213028377000265
2073,delivered,0.00020028384332190332
2074,del,0.00023996451053130105
2075,degradation,0.00041088258349805814
2076,definitely,8.622458610010885e-05
2077,defer,0.0009587260281621356
2078,deep,2.5693280898696772e-05
2079,deck,0.0005040466720290435
2080,decision,0.0002966786070867219
2081,decided,0.0001813035932196634
2082,decide,0.00010014192166095166
2083,decency,0.00027105999462770873
2084,decades,9.397656157555045e-05
2085,decade,2.8192968472665135e-05
2086,deborah,0.00014878945867350304
2087,death,8.992648314543872e-05
2088,dc,0.00027105999462770873
2089,days,0.0001223396694536401
2090,day,7.472391502628059e-05
2091,davila,0.00027392172233203874
2092,david,4.893586778145604e-05
2093,daunting,0.000213028377000265
2094,daughters,0.00010014192166095166
2095,daughter,0.00039557147611562923
2096,dates,0.0003062206134338385
2097,darkness,0.00018926902338480304
2098,darkest,0.00023523397724707623
2099,dansinger,0.0004926735547409638
2100,daniel,1.2846640449348386e-05
2101,damage,2.5693280898696772e-05
2102,dallas,0.00023996451053130105
2103,daily,0.00012195301447267362
2104,dad,0.0001335225622146022
2105,cynicism,0.0003528509658706144
2106,cut,1.2846640449348386e-05
2107,customers,3.338064055365055e-05
2108,curtains,0.0004926735547409638
2109,curran,0.0003614133261702783
2110,curiously,0.00041088258349805814
2111,culture,4.6988280787775224e-05
2112,cuban,0.0007198935315939031
2113,cte,0.0003284490364939758
2114,crusty,0.00041088258349805814
2115,crushed,7.998817017710035e-05
2116,crop,0.00018926902338480304
2117,crocs,0.0004926735547409638
2118,critical,1.2846640449348386e-05
2119,criminal,4.9446434514453654e-05
2120,crime,6.578359310288532e-05
2121,crew,0.00020028384332190332
2122,credit,0.00012195301447267362
2123,creating,1.2846640449348386e-05
2124,created,2.8192968472665135e-05
2125,cream,2.032550241211227e-05
2126,crazy,4.9446434514453654e-05
2127,crane,0.00047046795449415247
2128,cox,0.0008832554424624141
2129,cover,0.00017081350563646983
2130,cousin,0.00042200063496125215
2131,courtesy,0.0001680155573430145
2132,court,0.0003947015586173119
2133,course,8.992648314543872e-05
2134,couple,3.8539921348045165e-05
2135,country,4.6988280787775224e-05
2136,countries,2.8741528700036284e-05
2137,countdown,0.00010261271540445462
2138,count,2.032550241211227e-05
2139,councilor,5.638593694533027e-05
2140,could,9.564661123363914e-05
2141,coughlin,0.0009235144386400915
2142,couch,0.000336031114686029
2143,costs,1.2846640449348386e-05
2144,cost,0.00014096484236332565
2145,corrode,0.0011495716277289153
2146,correspond,0.00041088258349805814
2147,correction,0.00039203630046703386
2148,copy,4.374580191911978e-05
2149,cooper,0.00042605675400053
2150,cooled,0.00013696086116601937
2151,conversation,0.0001464115762598313
2152,convention,0.00020028384332190332
2153,controversy,3.8363694087386556e-05
2154,controversies,7.100945900008833e-05
2155,contribute,8.749160383823956e-05
2156,continuing,3.338064055365055e-05
2157,continued,2.032550241211227e-05
2158,continue,0.00010277312359478709
2159,containers,0.00012617934892320202
2160,container,0.00023523397724707623
2161,contact,0.00022993222960029027
2162,consumer,0.000213028377000265
2163,consulted,0.00030783814621336385
2164,constituents,0.000213028377000265
2165,constant,8.749160383823956e-05
2166,consolidate,9.035333154256957e-05
2167,consisted,0.00023996451053130105
2168,considered,0.00016260401929689815
2169,consider,4.281888430877404e-05
2170,conscience,0.00023996451053130105
2171,conquered,0.0004926735547409638
2172,connection,0.00012200964688319273
2173,conn,4.374580191911978e-05
2174,confirmed,8.622458610010885e-05
2175,conference,4.9446434514453654e-05
2176,conducted,0.00014370764350018144
2177,conduct,0.0001422785168847859
2178,condos,3.8363694087386556e-05
2179,conditioning,0.000213028377000265
2180,concussion,0.00013696086116601937
2181,concludes,0.00027105999462770873
2182,concerts,0.00019838594489800406
2183,concert,0.0001335225622146022
2184,concerns,1.2846640449348386e-05
2185,concern,8.130200964844907e-05
2186,concept,7.672738817477311e-05
2187,compulsive,0.00041088258349805814
2188,component,0.00027105999462770873
2189,complicating,0.0001642245182469879
2190,complicated,0.00010014192166095166
2191,complete,0.00012846640449348386
2192,complaints,0.00023366448387555387
2193,complained,0.00023366448387555387
2194,complain,0.0001680155573430145
2195,compared,2.032550241211227e-05
2196,comparable,0.00023996451053130105
2197,company,3.0584917363410025e-05
2198,companies,4.065100482422454e-05
2199,community,5.505285125413805e-05
2200,communication,0.000300425764982855
2201,communicating,0.00030783814621336385
2202,common,8.130200964844907e-05
2203,committee,0.0001813035932196634
2204,committed,4.9446434514453654e-05
2205,commercial,0.00016482144838151218
2206,comments,2.032550241211227e-05
2207,comment,1.879531231511009e-05
2208,coming,0.00013156718620577063
2209,comfortable,0.00012195301447267362
2210,comes,2.8192968472665135e-05
2211,comedy,0.00015345477634954623
2212,come,9.175475209023008e-05
2213,college,0.00014131304494283226
2214,collecting,5.748305740007257e-05
2215,collected,0.00013123740575735936
2216,collapsed,5.600518578100483e-05
2217,collapse,0.0002240207431240193
2218,colette,0.0003528509658706144
2219,cold,8.130200964844907e-05
2220,coffee,0.00016482144838151218
2221,cod,0.0002670451244292044
2222,cobblestone,0.00013696086116601937
2223,coat,0.00014201891800017666
2224,coast,8.622458610010885e-05
2225,co,1.2846640449348386e-05
2226,clue,0.00018070666308513914
2227,club,0.00023123952808827097
2228,clothing,0.000672062229372058
2229,closet,0.00023523397724707623
2230,close,8.563776861754807e-05
2231,clock,2.8741528700036284e-05
2232,clip,0.0001680155573430145
2233,clear,0.00016700632584152903
2234,cleaned,0.00027105999462770873
2235,clayton,0.00013696086116601937
2236,classics,0.00023996451053130105
2237,clap,0.00030783814621336385
2238,clamoring,0.0008233189203647669
2239,clad,0.00027105999462770873
2240,city,0.00028693983370091744
2241,cities,2.5693280898696772e-05
2242,circumstances,0.00026854585861170596
2243,chutzpah,0.00041088258349805814
2244,churches,0.00017498320767647912
2245,church,5.1386561797393544e-05
2246,chronic,7.100945900008833e-05
2247,christmas,0.00020028384332190332
2248,chris,0.00015415968539218066
2249,chosen,0.00010014192166095166
2250,chose,8.622458610010885e-05
2251,chore,0.00030783814621336385
2252,chokeholds,0.0018064697007168671
2253,chokehold,0.00020522543080890923
2254,choke,0.0017642548293530717
2255,choices,0.000336031114686029
2256,choice,3.338064055365055e-05
2257,chinese,6.67612811073011e-05
2258,china,0.00014878945867350304
2259,chiming,0.0001642245182469879
2260,chill,9.035333154256957e-05
2261,children,2.8192968472665135e-05
2262,child,0.00011561976404413549
2263,chief,4.184539241471713e-05
2264,chicago,6.097650723633681e-05
2265,chevy,0.00023996451053130105
2266,cherished,0.0004799290210626021
2267,chenoweth,0.0006568980729879516
2268,chenelle,0.0004926735547409638
2269,cheese,0.00013123740575735936
2270,cheers,0.0002240207431240193
2271,chase,0.00010014192166095166
2272,charter,8.622458610010885e-05
2273,charlottesville,5.600518578100483e-05
2274,charlie,4.9446434514453654e-05
2275,charles,1.1955826404204893e-05
2276,charger,0.0004926735547409638
2277,charged,9.397656157555045e-05
2278,characters,0.00014878945867350304
2279,character,6.097650723633681e-05
2280,chapel,0.000213028377000265
2281,channel,7.672738817477311e-05
2282,changing,2.8192968472665135e-05
2283,changes,1.879531231511009e-05
2284,changed,8.45789054179954e-05
2285,change,5.977913202102446e-06
2286,chang,0.00048120382111031763
2287,chance,2.8192968472665135e-05
2288,chambers,0.0003785380467696061
2289,challenging,5.748305740007257e-05
2290,challenge,2.8192968472665135e-05
2291,chairman,2.032550241211227e-05
2292,certain,1.2846640449348386e-05
2293,century,0.00011561976404413549
2294,central,4.9446434514453654e-05
2295,centers,5.748305740007257e-05
2296,center,1.1955826404204893e-05
2297,cemeteries,0.0005478434446640775
2298,cellphones,0.00023996451053130105
2299,celebrity,0.0007811040490009717
2300,celebration,0.00012195301447267362
2301,celebrates,0.00023996451053130105
2302,celebrated,6.592857935260487e-05
2303,caused,1.2846640449348386e-05
2304,cause,2.8192968472665135e-05
2305,caught,1.2846640449348386e-05
2306,categories,4.374580191911978e-05
2307,catch,3.8539921348045165e-05
2308,catastrophe,0.00011761698862353812
2309,castle,0.00019838594489800406
2310,casting,0.00027105999462770873
2311,castigation,0.0001642245182469879
2312,cask,0.0003284490364939758
2313,cases,3.8539921348045165e-05
2314,casella,0.0004926735547409638
2315,case,0.00013156718620577063
2316,carts,0.00020522543080890923
2317,cars,3.2964289676302434e-05
2318,carried,2.8741528700036284e-05
2319,carrie,7.100945900008833e-05
2320,carney,0.0007198935315939031
2321,cares,0.00018070666308513914
2322,care,2.5693280898696772e-05
2323,car,0.0002697794494363161
2324,captures,0.00023523397724707623
2325,captured,3.8363694087386556e-05
2326,captive,0.00030783814621336385
2327,capo,0.00041088258349805814
2328,cape,0.00010277312359478709
2329,capacity,2.032550241211227e-05
2330,capable,0.00018926902338480304
2331,canale,0.0009853471094819276
2332,canadians,0.0001642245182469879
2333,campaign,6.423320224674193e-05
2334,camp,7.320578812991565e-05
2335,camera,0.00013123740575735936
2336,came,4.281888430877404e-05
2337,cambridge,2.8192968472665135e-05
2338,calls,3.8539921348045165e-05
2339,calling,6.592857935260487e-05
2340,called,7.952078514486607e-05
2341,call,4.281888430877404e-05
2342,california,9.760771750655419e-05
2343,calendars,0.0004926735547409638
2344,calendar,0.00014878945867350304
2345,cake,0.00017498320767647912
2346,cabs,0.00047046795449415247
2347,buzzing,0.0001599763403542007
2348,buy,7.707984269609033e-05
2349,business,0.00011277187389066054
2350,buses,0.0001829295217090104
2351,bus,0.00010162751206056135
2352,burned,9.919297244900203e-05
2353,burlington,4.8803858753277093e-05
2354,bureaus,0.00027392172233203874
2355,bunch,3.8363694087386556e-05
2356,built,5.505285125413805e-05
2357,buildings,1.879531231511009e-05
2358,building,3.586747921261468e-05
2359,build,8.45789054179954e-05
2360,buckled,0.0003528509658706144
2361,brutality,0.00039203630046703386
2362,brutal,0.0006308967446160101
2363,brown,9.397656157555045e-06
2364,brought,5.505285125413805e-05
2365,brother,1.2846640449348386e-05
2366,bros,0.0007057019317412288
2367,brookline,2.8192968472665135e-05
2368,broken,0.0001422785168847859
2369,broader,0.00019838594489800406
2370,broaching,0.0004926735547409638
2371,briskest,0.0004926735547409638
2372,bringing,1.6482144838151217e-05
2373,bring,1.793373960630734e-05
2374,brighton,6.592857935260487e-05
2375,bright,0.00024401929376638545
2376,brien,0.0010741834344468238
2377,bricks,0.00020522543080890923
2378,brick,0.00026854585861170596
2379,brian,6.097650723633681e-05
2380,brendan,0.000213028377000265
2381,breathing,0.00023996451053130105
2382,breakfast,0.0001680155573430145
2383,break,3.8539921348045165e-05
2384,braintree,0.00013123740575735936
2385,brady,3.8363694087386556e-05
2386,bpd,0.0038992831853692754
2387,boys,4.065100482422454e-05
2388,boylston,2.8741528700036284e-05
2389,boy,1.8350950418046017e-05
2390,boxes,0.00012617934892320202
2391,box,1.6482144838151217e-05
2392,bowdoin,0.00018926902338480304
2393,bound,0.00013123740575735936
2394,bottle,0.0001918184704369328
2395,botanical,0.0006568980729879516
2396,bostonians,6.67612811073011e-05
2397,boston,0.00027498400729671253
2398,boots,0.0001599763403542007
2399,book,2.8192968472665135e-05
2400,bonavita,0.0009853471094819276
2401,bolling,0.00020522543080890923
2402,body,6.097650723633681e-05
2403,boats,0.0002240207431240193
2404,boat,0.000300425764982855
2405,board,7.707984269609033e-05
2406,blowback,0.00041088258349805814
2407,bloodbath,0.0004926735547409638
2408,blocks,2.8741528700036284e-05
2409,blessing,0.00014878945867350304
2410,blankets,0.0003614133261702783
2411,blame,3.8363694087386556e-05
2412,black,6.116983472682005e-05
2413,bizarre,0.00011761698862353812
2414,bitter,8.622458610010885e-05
2415,biotech,0.00018926902338480304
2416,billionaire,0.00027105999462770873
2417,biggest,3.8539921348045165e-05
2418,big,5.505285125413805e-05
2419,bid,9.889286902890731e-05
2420,bickering,0.00013696086116601937
2421,beyond,1.6482144838151217e-05
2422,better,0.00017127553723509615
2423,best,9.787173556291208e-05
2424,besides,0.0002975789173470061
2425,bertarelli,0.0009853471094819276
2426,berkshires,0.0003614133261702783
2427,benita,0.0004926735547409638
2428,benefit,4.065100482422454e-05
2429,ben,0.000336031114686029
2430,belt,0.00014878945867350304
2431,belonged,0.000213028377000265
2432,belmont,0.00014878945867350304
2433,believe,6.116983472682005e-06
2434,behest,0.00023996451053130105
2435,behavior,2.8741528700036284e-05
2436,beginning,8.130200964844907e-05
2437,began,6.578359310288532e-05
2438,beer,6.097650723633681e-05
2439,bedrooms,0.0001680155573430145
2440,bed,0.00021961736438974691
2441,becomes,9.760771750655419e-05
2442,become,8.45789054179954e-05
2443,became,1.6482144838151217e-05
2444,beauty,0.0002928231525196626
2445,beautiful,8.992648314543872e-05
2446,beauties,0.0003528509658706144
2447,beating,0.00046732896775110775
2448,bear,9.919297244900203e-05
2449,beach,0.00010277312359478709
2450,batman,0.0007057019317412288
2451,basketball,0.00014878945867350304
2452,based,4.893586778145604e-05
2453,base,0.0001335225622146022
2454,bartolo,0.0004926735547409638
2455,bars,2.8741528700036284e-05
2456,barely,0.00026854585861170596
2457,bar,1.879531231511009e-05
2458,banner,5.600518578100483e-05
2459,banks,5.748305740007257e-05
2460,bank,2.8192968472665135e-05
2461,balcony,0.00023996451053130105
2462,baker,2.8192968472665135e-05
2463,bagley,0.001970694218963855
2464,bad,2.8192968472665135e-05
2465,bacon,0.00027105999462770873
2466,backyards,0.00047046795449415247
2467,backyard,0.00034717540357150713
2468,backgrounds,3.8363694087386556e-05
2469,back,0.0002032490488714832
2470,baby,0.00014833930354336096
2471,babson,0.0003528509658706144
2472,babies,0.00023996451053130105
2473,ayer,0.00011761698862353812
2474,awestruck,0.0004926735547409638
2475,away,4.893586778145604e-05
2476,avoid,0.00013185715870520974
2477,averaged,0.00018926902338480304
2478,avenue,3.8539921348045165e-05
2479,ava,0.005419409102150601
2480,aunt,0.00019838594489800406
2481,aug,8.241072419075609e-05
2482,audience,7.320578812991565e-05
2483,attorney,6.578359310288532e-05
2484,attention,2.5693280898696772e-05
2485,attending,0.00010014192166095166
2486,attended,9.889286902890731e-05
2487,attack,4.9446434514453654e-05
2488,attached,8.749160383823956e-05
2489,athletes,0.00014878945867350304
2490,association,0.00013185715870520974
2491,assigning,0.00010261271540445462
2492,asking,3.8539921348045165e-05
2493,asked,7.518124926044036e-05
2494,ask,2.8192968472665135e-05
2495,ashore,0.00041088258349805814
2496,ashley,0.00027105999462770873
2497,arts,5.1386561797393544e-05
2498,artists,9.760771750655419e-05
2499,artifacts,0.00012617934892320202
2500,art,6.592857935260487e-05
2501,arriving,4.8803858753277093e-05
2502,arrive,4.9596486224501014e-05
2503,arrival,0.00023018216452431935
2504,around,5.380121881892202e-05
2505,arms,6.097650723633681e-05
2506,armed,0.00011537501386705853
2507,arlington,4.8803858753277093e-05
2508,arguments,0.00018926902338480304
2509,argued,3.8363694087386556e-05
2510,area,8.96686980315367e-06
2511,archdiocese,0.0001599763403542007
2512,archaeologist,0.0003284490364939758
2513,archaeological,0.0009853471094819276
2514,arbitrators,0.0001642245182469879
2515,arbitrator,0.0034487148831867463
2516,approval,4.065100482422454e-05
2517,appropriate,4.9596486224501014e-05
2518,approach,1.2846640449348386e-05
2519,appreciates,0.00027105999462770873
2520,appointment,0.00011509108226215968
2521,applying,0.00010261271540445462
2522,applied,2.8741528700036284e-05
2523,appeared,6.097650723633681e-05
2524,appearances,0.00018926902338480304
2525,appear,4.9446434514453654e-05
2526,appealed,0.000612441226867677
2527,apparently,8.622458610010885e-05
2528,apart,2.032550241211227e-05
2529,anywhere,8.130200964844907e-05
2530,anything,2.8192968472665135e-05
2531,anyone,7.707984269609033e-05
2532,anticipate,0.00010261271540445462
2533,anthony,0.000300425764982855
2534,anthem,0.0004416277212312071
2535,answer,2.032550241211227e-05
2536,another,7.472391502628059e-05
2537,anonymous,0.0001680155573430145
2538,annual,7.707984269609033e-05
2539,announcement,2.032550241211227e-05
2540,announced,1.2846640449348386e-05
2541,anniversary,2.032550241211227e-05
2542,anne,4.9596486224501014e-05
2543,angry,0.00011496611480014514
2544,angels,0.0013552999731385434
2545,angel,0.0028390353507720457
2546,andelman,0.00041088258349805814
2547,analysis,6.097650723633681e-05
2548,amount,1.6482144838151217e-05
2549,among,1.793373960630734e-05
2550,amiable,0.00030783814621336385
2551,americans,3.8539921348045165e-05
2552,american,1.793373960630734e-05
2553,america,9.397656157555045e-06
2554,amendment,9.919297244900203e-05
2555,amended,7.998817017710035e-05
2556,amanda,0.0003199526807084014
2557,always,5.505285125413805e-05
2558,alternative,0.0001335225622146022
2559,altercation,0.0005599171912397025
2560,also,0.00013151409044625384
2561,alongside,6.097650723633681e-05
2562,along,4.782330561681957e-05
2563,almost,8.992648314543872e-05
2564,alleyway,0.0003284490364939758
2565,allegiance,0.00013696086116601937
2566,alexandra,7.998817017710035e-05
2567,albert,0.0001680155573430145
2568,alabama,0.0001599763403542007
2569,al,0.00023018216452431935
2570,air,5.638593694533027e-05
2571,aides,0.00023018216452431935
2572,aide,0.0001464115762598313
2573,ahead,2.8192968472665135e-05
2574,agreement,2.8741528700036284e-05
2575,agreed,3.8539921348045165e-05
2576,ago,9.397656157555045e-05
2577,aging,4.374580191911978e-05
2578,ages,6.423320224674193e-05
2579,agenda,0.00014878945867350304
2580,age,4.9446434514453654e-05
2581,afternoon,2.446793389072802e-05
2582,african,4.6988280787775224e-05
2583,afford,0.00017081350563646983
2584,affleck,0.002822807726964915
2585,affected,3.338064055365055e-05
2586,affairs,7.672738817477311e-05
2587,adventure,0.0002240207431240193
2588,advanced,3.8363694087386556e-05
2589,adolescents,0.00030783814621336385
2590,adolescent,0.00030783814621336385
2591,admissions,0.000213028377000265
2592,admiring,0.0004926735547409638
2593,addressed,8.622458610010885e-05
2594,addict,0.0003528509658706144
2595,added,5.1386561797393544e-05
2596,actually,2.8192968472665135e-05
2597,actress,0.00039203630046703386
2598,actor,0.00011509108226215968
2599,activist,6.097650723633681e-05
2600,active,7.320578812991565e-05
2601,actions,0.000201190700900254
2602,action,2.8192968472665135e-05
2603,across,4.893586778145604e-05
2604,acquired,8.749160383823956e-05
2605,achievement,5.748305740007257e-05
2606,accustomed,0.00027105999462770873
2607,accused,0.00017081350563646983
2608,accurately,0.000213028377000265
2609,accountant,0.0003528509658706144
2610,account,0.00011537501386705853
2611,according,9.175475209023008e-05
2612,accommodating,0.00041088258349805814
2613,acceptable,0.00018926902338480304
2614,accept,3.338064055365055e-05
2615,absurdity,0.0008233189203647669
2616,absurd,0.00027105999462770873
2617,absentia,0.0004926735547409638
2618,able,1.2846640449348386e-05
2619,ability,3.8539921348045165e-05
2620,aaron,3.8363694087386556e-05
2621,98th,0.00013696086116601937
2622,50s,0.00025235869784640403
2623,20th,6.097650723633681e-05
2624,20s,0.00013123740575735936
2625,2016with,0.0003284490364939758
2626,19th,8.749160383823956e-05
2627,18th,0.00014201891800017666
2628,1860s,0.00027392172233203874
2629,17th,0.00012617934892320202
2630,107th,0.0004926735547409638
